concept_id,category,jmdict_id,headword,reading,language,query,canonical_rank,baseline_first_page_results,baseline_first_page_with_vi,baseline_first_page_vi_percent,candidate_first_page_results,candidate_first_page_with_vi,candidate_first_page_vi_percent,baseline_top10_results,baseline_top10_with_vi,baseline_top10_vi_percent,candidate_top10_results,candidate_top10_with_vi,candidate_top10_vi_percent,candidate_top10_entries
"animals-01","","1467640","猫","ねこ","vi","mèo","1","0","0","0","1","1","100","0","0","0","1","1","100","-1467640:猫:VI"
"animals-01","","1467640","猫","ねこ","en","cat","2","20","0","0","20","3","15","10","0","0","10","3","30","-1291500:砂:VI | -1467640:猫:VI | -2698030:猫:NO_VI | -2535220:ぬこ:NO_VI | -2520170:カト:NO_VI | -2750480:唐猫:NO_VI | -2444090:家猫:NO_VI | -1486690:美容師:VI | -2002920:キャット:NO_VI | -2294040:クレジットカード与信照会用端末:NO_VI"
"animals-01","","1467640","猫","ねこ","viAlias","con mèo","1","0","0","0","1","1","100","0","0","0","1","1","100","-1467640:猫:VI"
"animals-01","","1467640","猫","ねこ","viAlias","mèo nhà","1","0","0","0","1","1","100","0","0","0","1","1","100","-1467640:猫:VI"
"animals-02","","1258330","犬","いぬ","vi","chó","1","0","0","0","2","2","100","0","0","0","2","2","100","-1258330:犬:VI | -1560940:狼:VI"
"animals-02","","1258330","犬","いぬ","en","dog","1","20","0","0","20","1","5","10","0","0","10","1","10","-1258330:犬:VI | -2003490:ドッグ:NO_VI | -2582030:ワン公:NO_VI | -2560520:ワン子:NO_VI | -2867682:犬の顔:NO_VI | -2867683:トックリ形:NO_VI | -1006220:スベタ:NO_VI | -2454230:ついて回る:NO_VI | -1149310:ワンワン:NO_VI | -1566290:尨:NO_VI"
"animals-02","","1258330","犬","いぬ","viAlias","con chó","1","0","0","0","1","1","100","0","0","0","1","1","100","-1258330:犬:VI"
"animals-03","","1137760","ライオン","ライオン","vi","sư tử","1","0","0","0","1","1","100","0","0","0","1","1","100","-1137760:ライオン:VI"
"animals-03","","1137760","ライオン","ライオン","en","lion","3","20","0","0","20","1","5","10","0","0","10","1","10","-1311070:獅子:NO_VI | -2843797:獅子王:NO_VI | -1137760:ライオン:VI | -2650160:名物男:NO_VI | -2841434:レオ:NO_VI | -2554240:海獺:NO_VI | -1201690:海馬:NO_VI | -1201840:海驢:NO_VI | -2186660:白沢:NO_VI | -1311080:しし座:NO_VI"
"animals-03","","1137760","ライオン","ライオン","viAlias","con sư tử","1","0","0","0","1","1","100","0","0","0","1","1","100","-1137760:ライオン:VI"
"animals-04","","1351830","象","ぞう","vi","voi","1","20","1","5","20","3","15","10","1","10","10","3","30","-1351830:象:VI | -1253270:クジラ:VI | -2853537:注目すべき変異株:NO_VI | -1347750:小さい:VI | -1000030:ゞ:NO_VI | -1000010:ヾ:NO_VI | -1255940:件:NO_VI | -1564320:凛:NO_VI | -1600280:喉:NO_VI | -1435340:堤:NO_VI"
"animals-04","","1351830","象","ぞう","en","elephant","2","20","0","0","20","1","5","10","0","0","10","1","10","-2872529:象:NO_VI | -1351830:象:VI | -2834345:エレファント:NO_VI | -2079080:小象:NO_VI | -1870640:巨象:NO_VI | -2826075:白象:NO_VI | -2409530:蓮芋:NO_VI | -2836641:象鳥:NO_VI | -2534450:酔象:NO_VI | -1622950:長物:NO_VI"
"animals-04","","1351830","象","ぞう","viAlias","con voi","1","0","0","0","1","1","100","0","0","0","1","1","100","-1351830:象:VI"
"animals-05","","1267610","虎","とら","vi","hổ","1","0","0","0","3","3","100","0","0","0","3","3","100","-1267610:虎:VI | -1421630:恥ずかしい:VI | -1283500:高校:VI"
"animals-05","","1267610","虎","とら","en","tiger","1","20","0","0","20","1","5","10","0","0","10","1","10","-1267610:虎:VI | -2021200:タイガー:NO_VI | -1457270:寅:NO_VI | -1574870:鯱:NO_VI | -1574875:鯱:NO_VI | -2562350:丙寅:NO_VI | -2562720:壬寅:NO_VI | -1413630:大虎:NO_VI | -1457280:寅年:NO_VI | -1348060:小虎:NO_VI"
"animals-05","","1267610","虎","とら","viAlias","con hổ","1","0","0","0","1","1","100","0","0","0","1","1","100","-1267610:虎:VI"
"animals-05","","1267610","虎","とら","viAlias","cọp","1","0","0","0","1","1","100","0","0","0","1","1","100","-1267610:虎:VI"
"animals-06","","1246850","熊","くま","vi","gấu","1","0","0","0","2","2","100","0","0","0","2","2","100","-1246850:熊:VI | -1103210:パンダ:VI"
"animals-06","","1246850","熊","くま","en","bear","1","20","0","0","20","2","10","10","0","0","10","1","10","-1246850:熊:VI | -2857072:ベア:NO_VI | -2262080:堪る:NO_VI | -2174690:熊羆:NO_VI | -2410690:産す:NO_VI | -2827352:堪える:NO_VI | -2255110:産する:NO_VI | -1211310:耐える:NO_VI | -1865780:肩に担ぐ:NO_VI | -2847804:耐えきれる:NO_VI"
"animals-06","","1246850","熊","くま","viAlias","con gấu","1","0","0","0","1","1","100","0","0","0","1","1","100","-1246850:熊:VI"
"animals-07","","1443970","兎","うさぎ","vi","thỏ","1","0","0","0","1","1","100","0","0","0","1","1","100","-1443970:兎:VI"
"animals-07","","1443970","兎","うさぎ","en","rabbit","1","20","0","0","20","1","5","10","0","0","10","1","10","-1443970:兎:VI | -2840087:占子:NO_VI | -2508850:ラビット:NO_VI | -1576460:卯:NO_VI | -2080770:一兎:NO_VI | -2562360:丁卯:NO_VI | -2562820:乙卯:NO_VI | -1444090:兎肉:NO_VI | -1444050:兎角:NO_VI | -1172180:卯年:NO_VI"
"animals-07","","1443970","兎","うさぎ","viAlias","con thỏ","1","0","0","0","1","1","100","0","0","0","1","1","100","-1443970:兎:VI"
"animals-08","","1471560","馬","うま","vi","ngựa","1","0","0","0","2","2","100","0","0","0","2","2","100","-1471560:馬:VI | -1321690:シマウマ:VI"
"animals-08","","1471560","馬","うま","en","horse","1","20","0","0","20","1","5","10","0","0","10","1","10","-1471560:馬:VI | -2802960:中石:NO_VI | -2855195:ホース:NO_VI | -2838943:お馬さん:NO_VI | -1244930:駒:NO_VI | -1268970:午:NO_VI | -1593710:桜:NO_VI | -1922090:橡:NO_VI | -1254480:穴:NO_VI | -1956930:複:NO_VI"
"animals-08","","1471560","馬","うま","viAlias","con ngựa","1","0","0","0","1","1","100","0","0","0","1","1","100","-1471560:馬:VI"
"animals-09","","1231490","牛","うし","vi","bò","1","2","2","100","3","3","100","2","2","100","3","3","100","-1231490:牛:VI | -1231590:牛乳:VI | -1231580:牛肉:VI"
"animals-09","","1231490","牛","うし","en","cow","5","20","0","0","20","1","5","10","0","0","10","1","10","-2837130:べこ:NO_VI | -2856854:カウ:NO_VI | -2840834:母牛:NO_VI | -1312900:雌牛:NO_VI | -1231490:牛:VI | -1276240:口取り:NO_VI | -1881600:杓:NO_VI | -2566270:ミノ:NO_VI | -1582720:乳牛:NO_VI | -2602980:千枚:NO_VI"
"animals-09","","1231490","牛","うし","viAlias","con bò","1","0","0","0","1","1","100","0","0","0","1","1","100","-1231490:牛:VI"
"animals-09","","1231490","牛","うし","enAlias","cattle","1","20","0","0","20","1","5","10","0","0","10","1","10","-1231490:牛:VI | -2847519:畜牛:NO_VI | -1192240:家畜:NO_VI | -1582720:乳牛:NO_VI | -1601290:伯楽:NO_VI | -2199600:尼鷺:NO_VI | -1624330:役牛:NO_VI | -1845290:牛疫:NO_VI | -2058040:牛糞:NO_VI | -1231530:牛舎:NO_VI"
"animals-10","","1457390","豚","ぶた","vi","lợn","1","1","1","100","2","2","100","1","1","100","2","2","100","-1457390:豚:VI | -1457440:豚肉:VI"
"animals-10","","1457390","豚","ぶた","en","pig","2","20","0","0","20","1","5","10","0","0","10","1","10","-2763370:豚:NO_VI | -1457390:豚:VI | -2856353:ピッグ:NO_VI | -2267660:鋳塊:NO_VI | -2863874:金属塊:NO_VI | -2203240:猪の子:NO_VI | -1575920:亥:NO_VI | -1427010:猪:NO_VI | -1474900:白:NO_VI | -1392440:銑:NO_VI"
"animals-10","","1457390","豚","ぶた","viAlias","heo","1","21","2","9.52","21","4","19.05","10","2","20","10","4","40","-1457390:豚:VI | -1457440:豚肉:VI | -1201670:海豚:VI | -1187290:仮:NO_VI | -1341840:盾:NO_VI | -1254480:穴:NO_VI | -1386370:説:NO_VI | -1957110:論:NO_VI | -1164240:一説:NO_VI | 75:上手:VI"
"animals-10","","1457390","豚","ぶた","viAlias","con lợn","1","0","0","0","1","1","100","0","0","0","1","1","100","-1457390:豚:VI"
"animals-11","","1546490","羊","ひつじ","vi","cừu","1","0","0","0","1","1","100","0","0","0","1","1","100","-1546490:羊:VI"
"animals-11","","1546490","羊","ひつじ","en","sheep","1","20","0","0","20","1","5","10","0","0","10","1","10","-1546490:羊:VI | -1608650:めん羊:NO_VI | -2496000:シープ:NO_VI | -2018960:羅紗綿:NO_VI | -1130420:ミーハー:NO_VI | -1527090:未:NO_VI | -2562760:丁未:NO_VI | -2562630:乙未:NO_VI | -2741130:亡羊:NO_VI | -2562860:己未:NO_VI"
"animals-11","","1546490","羊","ひつじ","viAlias","con cừu","1","0","0","0","1","1","100","0","0","0","1","1","100","-1546490:羊:VI"
"animals-12","","1303200","山羊","やぎ","vi","dê","1","0","0","0","1","1","100","0","0","0","1","1","100","-1303200:山羊:VI"
"animals-12","","1303200","山羊","やぎ","en","goat","1","20","0","0","20","1","5","10","0","0","10","1","10","-1303200:山羊:VI | -2021670:ゴート:NO_VI | -1527090:未:NO_VI | -2162210:糞爺:NO_VI | -2073570:羚羊:NO_VI | -2858737:ホホバ:NO_VI | -2414700:子ヤギ:NO_VI | -2845377:山羊乳:NO_VI | -1303210:山羊座:NO_VI | -2836713:山羊毛:NO_VI"
"animals-12","","1303200","山羊","やぎ","viAlias","con dê","1","0","0","0","1","1","100","0","0","0","1","1","100","-1303200:山羊:VI"
"animals-13","","1252990","鶏","にわとり","vi","gà","1","4","4","100","5","5","100","4","4","100","5","5","100","-1252990:鶏:VI | -1253020:鶏肉:VI | -1426250:昼:VI | -1584660:明日:VI | -1524720:毎日:VI"
"animals-13","","1252990","鶏","にわとり","en","chicken","1","20","1","5","20","2","10","10","0","0","10","1","10","-1252990:鶏:VI | -2851374:チキ:NO_VI | -2427430:三鳥:NO_VI | -1077680:チキン:NO_VI | -2834988:関路の鳥:NO_VI | -2723400:チキンレース:NO_VI | -1105680:ビビリ:NO_VI | -1751860:卑怯者:NO_VI | -2153470:霜降り作り:NO_VI | -1762700:若鶏:NO_VI"
"animals-13","","1252990","鶏","にわとり","viAlias","con gà","1","0","0","0","1","1","100","0","0","0","1","1","100","-1252990:鶏:VI"
"animals-14","","1191810","アヒル","アヒル","vi","vịt","1","0","0","0","1","1","100","0","0","0","1","1","100","-1191810:アヒル:VI"
"animals-14","","1191810","アヒル","アヒル","en","duck","","20","0","0","20","0","0","10","0","0","10","0","0","-1209250:鴨:NO_VI | -2423760:鴨肉:NO_VI | -2003320:ダック:NO_VI | -1074250:ズック:NO_VI | -1570230:竦める:NO_VI | -2842101:縮こめる:NO_VI | -1337570:縮める:NO_VI | -1586040:合鴨:NO_VI | -2827318:晨鴨:NO_VI | -2800170:氷鴨:NO_VI"
"animals-14","","1191810","アヒル","アヒル","viAlias","con vịt","1","0","0","0","1","1","100","0","0","0","1","1","100","-1191810:アヒル:VI"
"animals-15","","1177390","猿","さる","vi","khỉ","1","0","0","0","1","1","100","0","0","0","1","1","100","-1177390:猿:VI"
"animals-15","","1177390","猿","さる","en","monkey","1","20","0","0","20","1","5","10","0","0","10","1","10","-1177390:猿:VI | -2743210:猿:NO_VI | -2153110:沐猴:NO_VI | -2591200:猿猴:NO_VI | -2438270:真猿:NO_VI | -2647640:エテ公:NO_VI | -2838924:お猿さん:NO_VI | -1136000:モンキー:NO_VI | -2198960:猿子:NO_VI | -5741627:西遊記:NO_VI"
"animals-15","","1177390","猿","さる","viAlias","con khỉ","1","0","0","0","1","1","100","0","0","0","1","1","100","-1177390:猿:VI"
"animals-16","","1319030","鹿","しか","vi","hươu","1","0","0","0","1","1","100","0","0","0","1","1","100","-1319030:鹿:VI"
"animals-16","","1319030","鹿","しか","en","deer","3","20","0","0","20","1","5","10","0","0","10","1","10","-2873068:鹿:NO_VI | -2873067:鹿:NO_VI | -1319030:鹿:VI | -2574980:鹿子:NO_VI | -2463370:ディア:NO_VI | -2842750:紅葉鳥:NO_VI | -2203220:鹿:NO_VI | -2230890:蜾蠃:NO_VI | -2519580:灯:NO_VI | -2667380:獐:NO_VI"
"animals-16","","1319030","鹿","しか","viAlias","con hươu","1","0","0","0","1","1","100","0","0","0","1","1","100","-1319030:鹿:VI"
"animals-17","","1267340","狐","きつね","vi","cáo","1","0","0","0","1","1","100","0","0","0","1","1","100","-1267340:狐:VI"
"animals-17","","1267340","狐","きつね","en","fox","1","19","0","0","19","1","5.26","10","0","0","10","1","10","-1267340:狐:VI | -5747421:野狐:NO_VI | -5747420:野狐囲碁:NO_VI | -2003690:フォックス:NO_VI | -1608030:稲荷:NO_VI | -1004870:コンコン:NO_VI | -2767740:こんこんちき:NO_VI | -1416770:狸:NO_VI | -2183630:北狐:NO_VI | -1265350:古狐:NO_VI"
"animals-17","","1267340","狐","きつね","viAlias","con cáo","1","0","0","0","1","1","100","0","0","0","1","1","100","-1267340:狐:VI"
"animals-18","","1560940","狼","おおかみ","vi","sói","1","0","0","0","1","1","100","0","0","0","1","1","100","-1560940:狼:VI"
"animals-18","","1560940","狼","おおかみ","en","wolf","1","20","0","0","20","1","5","10","0","0","10","1","10","-1560940:狼:VI | -2797110:真神:NO_VI | -2565620:豺狼:NO_VI | -1026890:ウルフ:NO_VI | -1592410:食らう:NO_VI | -2850149:勒犬:NO_VI | -1755130:山犬:NO_VI | -2863325:狼犬:NO_VI | -2862749:群狼:NO_VI | -2166060:袋狼:NO_VI"
"animals-18","","1560940","狼","おおかみ","viAlias","chó sói","1","0","0","0","1","1","100","0","0","0","1","1","100","-1560940:狼:VI"
"animals-19","","1397840","ネズミ","ネズミ","vi","chuột","1","0","0","0","3","3","100","0","0","0","3","3","100","-1397840:ネズミ:VI | -1591500:胡瓜:VI | -1127140:マウス:VI"
"animals-19","","1397840","ネズミ","ネズミ","en","mouse","2","20","0","0","20","2","10","10","0","0","10","2","20","-2863070:鼠:NO_VI | -1397840:ネズミ:VI | -1127140:マウス:VI | -2624670:嫁が君:NO_VI | -1151600:いたずら者:NO_VI | -2152760:梁上の君子:NO_VI | -2040110:チューチュー:NO_VI | -2244380:姫鼠:NO_VI | -2628090:田鼠:NO_VI | -2599490:舞鼠:NO_VI"
"animals-19","","1397840","ネズミ","ネズミ","viAlias","chuột nhắt","1","0","0","0","1","1","100","0","0","0","1","1","100","-1397840:ネズミ:VI"
"animals-20","","1246890","栗鼠","りす","vi","sóc","1","0","0","0","1","1","100","0","0","0","1","1","100","-1246890:栗鼠:VI"
"animals-20","","1246890","栗鼠","りす","en","squirrel","2","20","0","0","20","1","5","10","0","0","10","1","10","-1534730:木鼠:NO_VI | -1246890:栗鼠:VI | -2257750:野衾:NO_VI | -1012360:鼯鼠:NO_VI | -2761240:鼯鼠:NO_VI | -1012680:鼯鼠:NO_VI | -2527530:北栗鼠:NO_VI | -2172970:地栗鼠:NO_VI | -2197860:尾巻猿:NO_VI | -2197890:栗鼠猿:NO_VI"
"animals-20","","1246890","栗鼠","りす","viAlias","con sóc","1","0","0","0","1","1","100","0","0","0","1","1","100","-1246890:栗鼠:VI"
"animals-21","","1321690","シマウマ","シマウマ","vi","ngựa vằn","1","0","0","0","1","1","100","0","0","0","1","1","100","-1321690:シマウマ:VI"
"animals-21","","1321690","シマウマ","シマウマ","en","zebra","3","19","0","0","19","1","5.26","10","0","0","10","1","10","-2864107:斑馬:NO_VI | -2201760:ゼブラ:NO_VI | -1321690:シマウマ:VI | -2439170:蔓巻:NO_VI | -2444290:ゾース:NO_VI | -2171230:山縞馬:NO_VI | -2232080:錦華鳥:NO_VI | -2171260:クアッガ:NO_VI | -2439160:縞牛の舌:NO_VI | -2872341:ゼブラ飲み:NO_VI"
"animals-22","","1193590","河馬","かば","vi","hà mã","1","0","0","0","1","1","100","0","0","0","1","1","100","-1193590:河馬:VI"
"animals-22","","1193590","河馬","かば","en","hippopotamus","1","4","0","0","4","1","25","4","0","0","4","1","25","-1193590:河馬:VI | -2863752:ヒポポタマス:NO_VI | -2227980:コビトカバ:NO_VI | -2227990:リベリア河馬:NO_VI"
"animals-22","","1193590","河馬","かば","enAlias","hippo","1","20","0","0","20","1","5","10","0","0","10","1","10","-1193590:河馬:VI | -1487910:筆法:NO_VI | -1732150:筆鋒:NO_VI | -5741484:告白録:NO_VI | -5741485:懺悔録:NO_VI | -1319510:七宝:NO_VI | -2679820:卓袱:NO_VI | -2075980:大鮃:NO_VI | -1358800:尻尾:NO_VI | -1772960:海馬:NO_VI"
"animals-23","","1103210","パンダ","パンダ","vi","gấu trúc","1","0","0","0","1","1","100","0","0","0","1","1","100","-1103210:パンダ:VI"
"animals-23","","1103210","パンダ","パンダ","en","panda","2","20","0","0","20","1","5","10","0","0","10","1","10","-2026010:熊猫:NO_VI | -1103210:パンダ:VI | -2836639:パンダ債:NO_VI | -2789480:色分海豚:NO_VI | -2862997:パンダ外交:NO_VI | -1145500:レッサーパンダ:NO_VI | -1065050:ジャイアントパンダ:NO_VI | -2542950:ツキチョウチョウウオ:NO_VI | -2542740:クラカケチョウチョウウオ:NO_VI | -2550160:阿檀:NO_VI"
"animals-24","","1562640","鰐","わに","vi","cá sấu","1","0","0","0","1","1","100","0","0","0","1","1","100","-1562640:鰐:VI"
"animals-24","","1562640","鰐","わに","en","crocodile","1","20","0","0","20","1","5","10","0","0","10","1","10","-1562640:鰐:VI | -2766550:鰐魚:NO_VI | -1045620:クロコダイル:NO_VI | -2705620:沼鰐:NO_VI | -2444630:海鰐:NO_VI | -1246110:空涙:NO_VI | -1653150:鰐皮:NO_VI | -1845040:嘘泣き:NO_VI | -2829407:疣井守:NO_VI | -1675740:空泣き:NO_VI"
"animals-25","","1323350","蛇","へび","vi","rắn","1","0","0","0","2","2","100","0","0","0","2","2","100","-1323350:蛇:VI | -1413730:大根:VI"
"animals-25","","1323350","蛇","へび","en","snake","1","20","0","0","20","1","5","10","0","0","10","1","10","-1323350:蛇:VI | -2025940:長虫:NO_VI | -1071720:スネーク:NO_VI | -1374440:畝る:NO_VI | -1528180:巳:NO_VI | -1572250:蟒:NO_VI | -1957240:鵺:NO_VI | -1623480:大蛇:NO_VI | -1528190:巳年:NO_VI | -1455550:毒蛇:NO_VI"
"animals-25","","1323350","蛇","へび","viAlias","con rắn","1","0","0","0","1","1","100","0","0","0","1","1","100","-1323350:蛇:VI"
"animals-26","","1224260","亀","かめ","vi","rùa","1","0","0","0","1","1","100","0","0","0","1","1","100","-1224260:亀:VI"
"animals-26","","1224260","亀","かめ","en","turtle","2","20","0","0","20","1","5","10","0","0","10","1","10","-2306630:タートル:NO_VI | -1224260:亀:VI | -1216250:丸:NO_VI | -1575430:鼈:NO_VI | -2858855:亀節:NO_VI | -2444490:団亀:NO_VI | -1755650:山鳩:NO_VI | -2745340:泥亀:NO_VI | -1569390:玳瑁:NO_VI | -1534150:盲亀:NO_VI"
"animals-26","","1224260","亀","かめ","viAlias","con rùa","1","0","0","0","1","1","100","0","0","0","1","1","100","-1224260:亀:VI"
"animals-27","","1577460","蛙","かえる","vi","ếch","1","0","0","0","1","1","100","0","0","0","1","1","100","-1577460:蛙:VI"
"animals-27","","1577460","蛙","かえる","en","frog","1","20","0","0","20","1","5","10","0","0","10","1","10","-1577460:蛙:VI | -2869120:蛙:NO_VI | -2706960:糞蛙:NO_VI | -1895270:蹄叉:NO_VI | -1649260:フロッグ:NO_VI | -1256840:剣山:NO_VI | -2639530:井蛙:NO_VI | -2199430:土蛙:NO_VI | -1970580:旭蟹:NO_VI | -2605210:沖螺:NO_VI"
"animals-27","","1577460","蛙","かえる","viAlias","con ếch","1","0","0","0","1","1","100","0","0","0","1","1","100","-1577460:蛙:VI"
"animals-28","","1578010","魚","さかな","vi","cá","1","6","6","100","15","15","100","6","6","100","10","10","100","-1578010:魚:VI | -1562640:鰐:VI | -1299670:サメ:VI | -1201670:海豚:VI | -1233010:漁師:VI | -1253270:クジラ:VI | -1387990:先生:VI | -1307850:子供:VI | -1002650:お母さん:VI | -1002590:お父さん:VI"
"animals-28","","1578010","魚","さかな","en","fish","1","20","1","5","20","1","5","10","1","10","10","1","10","-1578010:魚:VI | -2248340:喉:NO_VI | -2134490:御魚:NO_VI | -1951990:旨煮:NO_VI | -2872578:漁る:NO_VI | -1434120:釣る:NO_VI | -1810880:魚族:NO_VI | -1233220:魚類:NO_VI | -2714550:さ文字:NO_VI | -2695530:麹漬け:NO_VI"
"animals-28","","1578010","魚","さかな","viAlias","con cá","1","1","1","100","3","3","100","1","1","100","3","3","100","-1578010:魚:VI | -1307850:子供:VI | -1267340:狐:VI"
"animals-29","","1299670","サメ","サメ","vi","cá mập","1","0","0","0","1","1","100","0","0","0","1","1","100","-1299670:サメ:VI"
"animals-29","","1299670","サメ","サメ","en","shark","2","20","0","0","20","2","10","10","0","0","10","2","20","-1575030:鱶:NO_VI | -1299670:サメ:VI | -2616960:アオナギ:NO_VI | -2495920:シャーク:NO_VI | -1562640:鰐:VI | -2553430:汚:NO_VI | -2841653:鰄:NO_VI | -2616970:水鱶:NO_VI | -2618740:汚鮫:NO_VI | -2618840:牛鮫:NO_VI"
"animals-30","","1253270","クジラ","クジラ","vi","cá voi","1","0","0","0","1","1","100","0","0","0","1","1","100","-1253270:クジラ:VI"
"animals-30","","1253270","クジラ","クジラ","en","whale","2","20","0","0","20","1","5","10","0","0","10","1","10","-2846155:勇魚:NO_VI | -1253270:クジラ:VI | -2448330:ホエール:NO_VI | -1574870:鯱:NO_VI | -2246810:ころ:NO_VI | -2008250:囀り:NO_VI | -2129520:子鯨:NO_VI | -2246730:尾肉:NO_VI | -1755780:山鯨:NO_VI | -1870510:巨鯨:NO_VI"
"animals-31","","1201670","海豚","いるか","vi","cá heo","1","0","0","0","1","1","100","0","0","0","1","1","100","-1201670:海豚:VI"
"animals-31","","1201670","海豚","いるか","en","dolphin","1","20","0","0","20","1","5","10","0","0","10","1","10","-1201670:海豚:VI | -2483410:ドルフィン:NO_VI | -2194560:鱰:NO_VI | -2194570:マヒマヒ:NO_VI | -2789620:斑海豚:NO_VI | -2166520:条海豚:NO_VI | -2788400:河巨頭:NO_VI | -1974960:河海豚:NO_VI | -2166430:真海豚:NO_VI | -2444650:花巨頭:NO_VI"
"animals-32","","1596910","タコ","タコ","vi","bạch tuộc","1","0","0","0","1","1","100","0","0","0","1","1","100","-1596910:タコ:VI"
"animals-32","","1596910","タコ","タコ","en","octopus","1","20","0","0","20","1","5","10","0","0","10","1","10","-1596910:タコ:VI | -1743330:蛸入道:NO_VI | -2156030:アクトパス:NO_VI | -2209950:オクトパス:NO_VI | -1521510:墨:NO_VI | -2866862:桜煮:NO_VI | -2167660:水蛸:NO_VI | -2167080:真蛸:NO_VI | -1743380:蛸壺:NO_VI | -2739510:面蛸:NO_VI"
"animals-33","","1202410","蟹","かに","vi","cua","1","21","7","33.33","20","10","50","10","7","70","10","10","100","-1202410:蟹:VI | -1087820:ドア:VI | -1582120:店:VI | -1401400:窓:VI | -1508590:閉める:VI | -1202450:開ける:VI | -1053280:コンビニ:VI | -1440670:店員:VI | -1194560:花屋:VI | -1036290:カーテン:VI"
"animals-33","","1202410","蟹","かに","en","crab","1","20","0","0","20","1","5","10","0","0","10","1","10","-1202410:蟹:VI | -2846405:クラブ:NO_VI | -1688600:兜蟹:NO_VI | -2259300:岩蟹:NO_VI | -1970580:旭蟹:NO_VI | -1533830:毛蟹:NO_VI | -1664340:沢蟹:NO_VI | -2259310:油蟹:NO_VI | -1773060:海棠:NO_VI | -2006360:石蟹:NO_VI"
"animals-33","","1202410","蟹","かに","viAlias","con cua","1","0","0","0","1","1","100","0","0","0","1","1","100","-1202410:蟹:VI"
"animals-34","","1588720","海老","えび","vi","tôm","1","0","0","0","1","1","100","0","0","0","1","1","100","-1588720:海老:VI"
"animals-34","","1588720","海老","えび","en","shrimp","3","20","0","0","20","1","5","10","0","0","10","1","10","-2259280:小エビ:NO_VI | -1062200:シュリンプ:NO_VI | -1588720:海老:VI | -2573480:茹で海老:NO_VI | -2247790:尾:NO_VI | -2673110:蕪蒸し:NO_VI | -2786900:一尾:NO_VI | -2784310:兜蝦:NO_VI | -2509510:割殻:NO_VI | -2804080:海蛍:NO_VI"
"animals-34","","1588720","海老","えび","viAlias","con tôm","1","0","0","0","1","1","100","0","0","0","1","1","100","-1588720:海老:VI"
"animals-34","","1588720","海老","えび","enAlias","prawn","1","20","0","0","20","1","5","10","0","0","10","1","10","-1588720:海老:VI | -2493460:プローン:NO_VI | -2828203:条蝦:NO_VI | -2078770:大海老:NO_VI | -2259280:小エビ:NO_VI | -1811640:川エビ:NO_VI | -2195620:牛海老:NO_VI | -1637020:甘えび:NO_VI | -2828202:磯筋蝦:NO_VI | -2802630:赤海老:NO_VI"
"animals-35","","1429010","蝶","ちょう","vi","bướm","1","0","0","0","1","1","100","0","0","0","1","1","100","-1429010:蝶:VI"
"animals-35","","1429010","蝶","ちょう","en","butterfly","1","20","0","0","20","1","5","10","0","0","10","1","10","-1429010:蝶:VI | -1572080:胡蝶:NO_VI | -1597640:蝶々:NO_VI | -2852961:夢見鳥:NO_VI | -2737820:パピヨン:NO_VI | -1098670:バタフライ:NO_VI | -2235390:宝冠白蝶章:NO_VI | -2398540:国蝶:NO_VI | -2040050:大紫:NO_VI | -2828158:小蝶:NO_VI"
"animals-35","","1429010","蝶","ちょう","viAlias","con bướm","1","0","0","0","1","1","100","0","0","0","1","1","100","-1429010:蝶:VI"
"animals-36","","1517840","蜂","はち","vi","ong","1","26","25","96.15","28","27","96.43","10","9","90","10","9","90","-1517840:蜂:VI | -1396840:祖父:VI | -1420160:男性:VI | -2399810:空芯菜:NO_VI | -1446070:冬:VI | -1341000:春:VI | -1522150:本:VI | -1371260:水:VI | -1454080:道:VI | -1304970:仕事:VI"
"animals-36","","1517840","蜂","はち","en","bee","1","20","0","0","20","1","5","10","0","0","10","1","10","-1517840:蜂:VI | -1929680:ビー:NO_VI | -1975400:花蜂:NO_VI | -2213460:べ:NO_VI | -2594010:Ｂ:NO_VI | -1011380:へぼ:NO_VI | -2640910:ベー:NO_VI | -2240840:吊虻:NO_VI | -1630440:熊蜂:NO_VI | -2830714:虻蜂:NO_VI"
"animals-36","","1517840","蜂","はち","viAlias","con ong","1","0","0","0","1","1","100","0","0","0","1","1","100","-1517840:蜂:VI"
"animals-37","","1196540","蚊","か","vi","muỗi","1","0","0","0","1","1","100","0","0","0","1","1","100","-1196540:蚊:VI"
"animals-37","","1196540","蚊","か","en","mosquito","1","20","0","0","20","1","5","10","0","0","10","1","10","-1196540:蚊:VI | -1134900:モスキート:NO_VI | -2174930:綟:NO_VI | -1718490:家蚊:NO_VI | -1763050:紙帳:NO_VI | -1534390:網戸:NO_VI | -1590620:蚊帳:NO_VI | -1196560:蚊柱:NO_VI | -1913350:ヤブ蚊:NO_VI | -1773690:吊り手:NO_VI"
"animals-37","","1196540","蚊","か","viAlias","con muỗi","1","0","0","0","1","1","100","0","0","0","1","1","100","-1196540:蚊:VI"
"animals-38","","1225940","蟻","あり","vi","kiến","1","0","0","0","2","2","100","0","0","0","2","2","100","-1225940:蟻:VI | -1257510:建築家:VI"
"animals-38","","1225940","蟻","あり","en","ant","1","20","0","0","20","1","5","10","0","0","10","1","10","-1225940:蟻:VI | -2572990:蟻んこ:NO_VI | -2231500:兵蟻:NO_VI | -2231330:山蟻:NO_VI | -2832659:火蟻:NO_VI | -2231030:熊蟻:NO_VI | -1475080:白蟻:NO_VI | -1816050:羽虫:NO_VI | -1756120:蟻蜂:NO_VI | -2231320:赤蟻:NO_VI"
"animals-38","","1225940","蟻","あり","viAlias","con kiến","1","0","0","0","1","1","100","0","0","0","1","1","100","-1225940:蟻:VI"
"food-drinks-01","","1270590","ご飯","ごはん","vi","cơm","1","1","1","100","3","3","100","1","1","100","3","3","100","-1270590:ご飯:VI | -1597530:茶碗:VI | -1372360:炊飯器:VI"
"food-drinks-01","","1270590","ご飯","ごはん","en","cooked rice","1","20","1","5","20","1","5","10","1","10","10","1","10","-1270590:ご飯:VI | -2672310:飯:NO_VI | -1482010:飯:NO_VI | -2809540:御飯:NO_VI | -1509010:米飯:NO_VI | -2691660:米の飯:NO_VI | -2828355:御台:NO_VI | -1321750:舎利:NO_VI | -2828354:御台盤:NO_VI | -2253480:櫃:NO_VI"
"food-drinks-02","","1103090","パン","パン","vi","bánh mì","1","1","1","100","2","2","100","1","1","100","2","2","100","-1103090:パン:VI | -1103480:パン屋:VI"
"food-drinks-02","","1103090","パン","パン","en","bread","1","20","1","5","20","2","10","10","1","10","10","2","20","-1103090:パン:VI | -2566860:麺麭:NO_VI | -1358400:食パン:NO_VI | -1114820:ブレッド:NO_VI | -2566970:蒸餅:NO_VI | -2689160:角食:NO_VI | -1317170:耳:VI | -1161940:一斤:NO_VI | -1503620:分餐:NO_VI | -2693000:山食:NO_VI"
"food-drinks-03","","1533610","麺","めん","vi","mì","1","6","6","100","10","10","100","6","6","100","10","10","100","-1533610:麺:VI | -1103090:パン:VI | -1137720:拉麺:VI | -1103480:パン屋:VI | -1348650:小麦粉:VI | -1514990:母:VI | -1497610:父:VI | -1249900:兄:VI | -1307630:姉:VI | -1191740:うち:VI"
"food-drinks-03","","1533610","麺","めん","en","noodles","1","20","0","0","20","2","10","10","0","0","10","2","20","-1533610:麺:VI | -2037770:麺子:NO_VI | -1533620:麺類:NO_VI | -1092250:ヌードル:NO_VI | -2866176:ちゅるちゅる:NO_VI | -1979210:乾麺:NO_VI | -1955250:冷麺:NO_VI | -2648510:太麺:NO_VI | -1137720:拉麺:VI | -1207600:掛け:NO_VI"
"food-drinks-04","","1463520","肉","にく","vi","thịt","1","4","4","100","4","4","100","4","4","100","4","4","100","-1463520:肉:VI | -1231580:牛肉:VI | -1457440:豚肉:VI | -1253020:鶏肉:VI"
"food-drinks-04","","1463520","肉","にく","en","meat","16","20","2","10","20","3","15","10","0","0","10","0","0","-2835196:畜肉:NO_VI | -1380130:精肉:NO_VI | -1463710:肉類:NO_VI | -2179830:膂宍:NO_VI | -1358580:食肉:NO_VI | -1130400:ミート:NO_VI | -1722350:味噌漬け:NO_VI | -2849347:肉:NO_VI | -1951990:旨煮:NO_VI | -2695530:麹漬け:NO_VI"
"food-drinks-05","","1231580","牛肉","ぎゅうにく","vi","thịt bò","1","1","1","100","1","1","100","1","1","100","1","1","100","-1231580:牛肉:VI"
"food-drinks-05","","1231580","牛肉","ぎゅうにく","en","beef","1","20","1","5","20","2","10","10","1","10","10","2","20","-1231580:牛肉:VI | -1104480:ビーフ:NO_VI | -1231490:牛:VI | -2602980:千枚:NO_VI | -1562060:和牛:NO_VI | -1445370:土手:NO_VI | -2609240:子袋:NO_VI | -2684670:排骨:NO_VI | -2780550:牛串:NO_VI | -1845250:牛丼:NO_VI"
"food-drinks-06","","1457440","豚肉","ぶたにく","vi","thịt lợn","1","1","1","100","1","1","100","1","1","100","1","1","100","-1457440:豚肉:VI"
"food-drinks-06","","1457440","豚肉","ぶたにく","en","pork","1","20","1","5","20","2","10","10","1","10","10","2","20","-1457440:豚肉:VI | -1124580:ポーク:NO_VI | -2763370:豚:NO_VI | -2269490:フェイジョアーダ:NO_VI | -1457390:豚:VI | -2675660:肋:NO_VI | -2566280:ガツ:NO_VI | -2012280:叉焼:NO_VI | -2763350:塩豚:NO_VI | -2609240:子袋:NO_VI"
"food-drinks-06","","1457440","豚肉","ぶたにく","viAlias","thịt heo","1","1","1","100","1","1","100","1","1","100","1","1","100","-1457440:豚肉:VI"
"food-drinks-07","","1253020","鶏肉","とりにく","vi","thịt gà","1","1","1","100","1","1","100","1","1","100","1","1","100","-1253020:鶏肉:VI"
"food-drinks-07","","1253020","鶏肉","とりにく","en","chicken meat","1","6","1","16.67","6","2","33.33","6","1","16.67","6","2","33.33","-1253020:鶏肉:VI | -2141930:黄鶏:NO_VI | -1252990:鶏:VI | -1430250:鳥:NO_VI | -2073780:地鳥:NO_VI | -1796160:鳥刺し:NO_VI"
"food-drinks-08","","1549140","卵","たまご","vi","trứng","1","1","1","100","1","1","100","1","1","100","1","1","100","-1549140:卵:VI"
"food-drinks-08","","1549140","卵","たまご","en","egg","3","20","1","5","20","2","10","10","1","10","10","2","20","-2647520:卵:NO_VI | -2194610:エッグ:NO_VI | -1549140:卵:VI | -1595650:寿司:VI | -1921990:玉:NO_VI | -1240530:玉:NO_VI | -1862520:お玉:NO_VI | -2647530:卵:NO_VI | -1307770:子:NO_VI | -1549170:卵黄:NO_VI"
"food-drinks-09","","1450070","豆腐","とうふ","vi","đậu phụ","1","0","0","0","1","1","100","0","0","0","1","1","100","-1450070:豆腐:VI"
"food-drinks-09","","1450070","豆腐","とうふ","en","tofu","2","20","0","0","20","2","10","10","0","0","10","1","10","-2828353:御壁:NO_VI | -1450070:豆腐:VI | -2168700:ちり:NO_VI | -2168690:ちり鍋:NO_VI | -2815860:まめぶ汁:NO_VI | -2105720:チャンプルー:NO_VI | -1650850:白壁:NO_VI | -2018030:白物:NO_VI | -2712510:白酢:NO_VI | -1427240:丁:NO_VI"
"food-drinks-09","","1450070","豆腐","とうふ","viAlias","đậu hũ","1","0","0","0","1","1","100","0","0","0","1","1","100","-1450070:豆腐:VI"
"food-drinks-10","","1077330","チーズ","チーズ","vi","phô mai","1","0","0","0","1","1","100","0","0","0","1","1","100","-1077330:チーズ:VI"
"food-drinks-10","","1077330","チーズ","チーズ","en","cheese","2","20","0","0","20","1","5","10","0","0","10","1","10","-1210170:乾酪:NO_VI | -1077330:チーズ:VI | -1112910:フロマージュ:NO_VI | -2853872:フォルマッジオ:NO_VI | -2836811:ピザ饅:NO_VI | -2856836:蓬莱蕉:NO_VI | -1517850:蜂の巣:NO_VI | -2250450:チンカス:NO_VI | -2839195:チーズ鱈:NO_VI | -2840998:ハットグ:NO_VI"
"food-drinks-10","","1077330","チーズ","チーズ","viAlias","pho mát","1","0","0","0","1","1","100","0","0","0","1","1","100","-1077330:チーズ:VI"
"food-drinks-11","","1098620","バター","バター","vi","bơ sữa","1","0","0","0","1","1","100","0","0","0","1","1","100","-1098620:バター:VI"
"food-drinks-11","","1098620","バター","バター","en","butter","2","20","0","0","20","1","5","10","0","0","10","1","10","-1651180:牛酪:NO_VI | -1098620:バター:VI | -2848620:生酥:NO_VI | -2843350:酥油:NO_VI | -2692580:マカニ:NO_VI | -2683720:ライ豆:NO_VI | -2864153:塩パン:NO_VI | -2135710:石狩鍋:NO_VI | -1422820:茶飯事:NO_VI | -2817710:飯の種:NO_VI"
"food-drinks-11","","1098620","バター","バター","viAlias","bơ động vật","1","0","0","0","1","1","100","0","0","0","1","1","100","-1098620:バター:VI"
"food-drinks-12","","1231590","牛乳","ぎゅうにゅう","vi","sữa bò","1","1","1","100","1","1","100","1","1","100","1","1","100","-1231590:牛乳:VI"
"food-drinks-12","","1231590","牛乳","ぎゅうにゅう","en","milk","1","20","1","5","20","1","5","10","1","10","10","1","10","-1231590:牛乳:VI | -1464980:乳:NO_VI | -1465210:乳汁:NO_VI | -2687030:酪漿:NO_VI | -1131990:ミルク:NO_VI | -1697820:受け箱:NO_VI | -1298910:擦る:NO_VI | -1594520:絞る:NO_VI | -2455180:パイパイ:NO_VI | -2676220:酥:NO_VI"
"food-drinks-13","","1137520","ヨーグルト","ヨーグルト","vi","sữa chua","1","0","0","0","1","1","100","0","0","0","1","1","100","-1137520:ヨーグルト:VI"
"food-drinks-13","","1137520","ヨーグルト","ヨーグルト","en","yogurt","1","5","0","0","5","1","20","5","0","0","5","1","20","-1137520:ヨーグルト:VI | -2126660:フルーツドリンク:NO_VI | -2851147:ギリシャヨーグルト:NO_VI | -1116570:プレーンヨーグルト:NO_VI | -1112650:フローズンヨーグルト:NO_VI"
"food-drinks-13","","1137520","ヨーグルト","ヨーグルト","enAlias","yoghurt","1","6","0","0","6","1","16.67","6","0","0","6","1","16.67","-1137520:ヨーグルト:VI | -2855314:アイラン:NO_VI | -5743724:ヨーグル:NO_VI | -2851147:ギリシャヨーグルト:NO_VI | -1116570:プレーンヨーグルト:NO_VI | -1112650:フローズンヨーグルト:NO_VI"
"food-drinks-14","","1371260","水","みず","vi","nước","1","3","3","100","5","5","100","3","3","100","5","5","100","-1371260:水:VI | -1592250:国:VI | -1002430:お茶:VI | -1065950:ジュース:VI | -1595020:醤油:VI"
"food-drinks-14","","1371260","水","みず","en","water","1","20","1","5","20","1","5","10","1","10","10","1","10","-1371260:水:VI | -2083290:お水:NO_VI | -1372010:水分:NO_VI | -2551680:水をやる:NO_VI | -2440940:ウォーター:NO_VI | -2858180:水道光熱費:NO_VI | -2843930:五輪塔:NO_VI | -2271120:地水火風:NO_VI | -2271110:地水火風空:NO_VI | -2153780:水:NO_VI"
"food-drinks-15","","1002430","お茶","おちゃ","vi","trà","1","2","2","100","3","3","100","2","2","100","3","3","100","-1002430:お茶:VI | -1422570:茶:VI | -1280770:紅茶:VI"
"food-drinks-15","","1002430","お茶","おちゃ","en","tea","1","20","3","15","20","4","20","10","3","30","10","3","30","-1002430:お茶:VI | -1422570:茶:VI | -2844251:茗:NO_VI | -1079010:ティー:NO_VI | -2732040:おぶう:NO_VI | -1749800:粗茶:NO_VI | -1500940:服:VI | -1568250:棗:NO_VI | -1489340:表:NO_VI | -1166260:一服:NO_VI"
"food-drinks-15","","1002430","お茶","おちゃ","viAlias","nước trà","1","0","0","0","1","1","100","0","0","0","1","1","100","-1002430:お茶:VI"
"food-drinks-16","","1280770","紅茶","こうちゃ","vi","trà đen","1","0","0","0","1","1","100","0","0","0","1","1","100","-1280770:紅茶:VI"
"food-drinks-16","","1280770","紅茶","こうちゃ","en","black tea","1","6","0","0","6","1","16.67","6","0","0","6","1","16.67","-1280770:紅茶:VI | -2479270:ブラックティー:NO_VI | -2757440:チャイ:NO_VI | -2580250:鴛鴦茶:NO_VI | -2471630:オレンジペコ:NO_VI | -2495050:ロイヤルミルクティー:NO_VI"
"food-drinks-17","","1049180","珈琲","コーヒー","vi","cà phê","1","2","2","100","2","2","100","2","2","100","2","2","100","-1049180:コーヒー:VI | -1226440:喫茶店:VI"
"food-drinks-17","","1049180","珈琲","コーヒー","en","coffee","1","20","2","10","20","2","10","10","2","20","10","2","20","-1049180:コーヒー:VI | -2219040:ホットコーヒー:NO_VI | -1926380:コーヒーブラウン:NO_VI | -1122440:ホット:NO_VI | -1226440:喫茶店:VI | -2401730:サ店:NO_VI | -2024630:バル:NO_VI | -1226430:喫茶:NO_VI | -1482080:挽く:NO_VI | -2150290:漫喫:NO_VI"
"food-drinks-18","","1065950","ジュース","ジュース","vi","nước ép","1","1","1","100","1","1","100","1","1","100","1","1","100","-1065950:ジュース:VI"
"food-drinks-18","","1065950","ジュース","ジュース","en","juice","1","20","1","5","20","1","5","10","1","10","10","1","10","-1065950:ジュース:VI | -1335520:汁:NO_VI | -1768740:汁気:NO_VI | -1635670:汁液:NO_VI | -1174990:液汁:NO_VI | -1372010:水分:NO_VI | -1568790:漿液:NO_VI | -1633440:渋:NO_VI | -1150540:愛液:NO_VI | -2714680:木酢:NO_VI"
"food-drinks-18","","1065950","ジュース","ジュース","viAlias","nước trái cây","1","0","0","0","1","1","100","0","0","0","1","1","100","-1065950:ジュース:VI"
"food-drinks-19","","2796520","ビール","ビール","vi","bia","1","20","0","0","20","1","5","10","0","0","10","1","10","-2796520:ビール:VI | -2852741:ビア:NO_VI | -2220160:亜:NO_VI | -1151200:茜:NO_VI | -1001410:お鍋:NO_VI | -1145380:レズ:NO_VI | -1155750:依怙:NO_VI | -1510330:偏り:NO_VI | -1510470:偏執:NO_VI | -1510380:偏見:NO_VI"
"food-drinks-19","","2796520","ビール","ビール","en","beer","3","20","0","0","20","1","5","10","0","0","10","1","10","-2852741:ビア:NO_VI | -1104550:麦酒:NO_VI | -2796520:ビール:VI | -2848609:麦般若:NO_VI | -2603440:雑酒:NO_VI | -1378450:生:NO_VI | -2827621:段腹:NO_VI | -1475870:爆弾:NO_VI | -2396350:生中:NO_VI | -2867805:酒鬱:NO_VI"
"food-drinks-20","","1148850","ワイン","ワイン","vi","rượu vang","1","0","0","0","1","1","100","0","0","0","1","1","100","-1148850:ワイン:VI"
"food-drinks-20","","1148850","ワイン","ワイン","en","wine","1","20","0","0","20","1","5","10","0","0","10","1","10","-1148850:ワイン:VI | -1499250:ぶどう酒:NO_VI | -2664440:電気ブラン:NO_VI | -2832515:ボルドー:NO_VI | -1406270:尊:NO_VI | -2239400:爵:NO_VI | -1189780:佳酒:NO_VI | -1189800:佳醸:NO_VI | -1503620:分餐:NO_VI | -1527080:味醂:NO_VI"
"food-drinks-21","","1291600","砂糖","さとう","vi","đường ăn","1","0","0","0","1","1","100","0","0","0","1","1","100","-1291600:砂糖:VI"
"food-drinks-21","","1291600","砂糖","さとう","en","sugar","1","20","1","5","20","1","5","10","1","10","10","1","10","-1291600:砂糖:VI | -1449610:糖:NO_VI | -1062040:シュガー:NO_VI | -2712380:青酢:NO_VI | -2827813:当座煮:NO_VI | -2590140:糗:NO_VI | -1153520:飴:NO_VI | -1102140:パパ:NO_VI | -1465310:乳糖:NO_VI | -1262170:原糖:NO_VI"
"food-drinks-22","","1576630","塩","しお","vi","muối","1","1","1","100","1","1","100","1","1","100","1","1","100","-1576630:塩:VI"
"food-drinks-22","","1576630","塩","しお","en","salt","2","20","1","5","20","1","5","10","1","10","10","1","10","-2003230:ＳＡＬＴ:NO_VI | -1576630:塩:VI | -2847901:塩:NO_VI | -1178870:塩分:NO_VI | -1178890:塩類:NO_VI | -2865008:泉塩:NO_VI | -2850066:辛塩:NO_VI | -2861815:ソルト:NO_VI | -1899350:波の花:NO_VI | -2750970:塩をする:NO_VI"
"food-drinks-23","","1595020","醤油","しょうゆ","vi","nước tương","1","0","0","0","1","1","100","0","0","0","1","1","100","-1595020:醤油:VI"
"food-drinks-23","","1595020","醤油","しょうゆ","en","soy sauce","1","20","0","0","20","1","5","10","0","0","10","1","10","-1595020:醤油:VI | -2771780:お下地:NO_VI | -2497150:ソイソース:NO_VI | -2828205:麺つゆ:NO_VI | -2869320:からみ餅:NO_VI | -1722360:味醂干し:NO_VI | -2564000:さしすせそ:NO_VI | -1311640:紫:NO_VI | -2841391:ソイ:NO_VI | -1185920:下地:NO_VI"
"food-drinks-23","","1595020","醤油","しょうゆ","viAlias","xì dầu","1","0","0","0","1","1","100","0","0","0","1","1","100","-1595020:醤油:VI"
"food-drinks-24","","1370270","酢","す","vi","giấm","1","0","0","0","1","1","100","0","0","0","1","1","100","-1370270:酢:VI"
"food-drinks-24","","1370270","酢","す","en","vinegar","1","20","0","0","20","1","5","10","0","0","10","1","10","-1370270:酢:VI | -2855385:お酢:NO_VI | -2625440:苦酒:NO_VI | -2703370:食酢:NO_VI | -1814170:三杯酢:NO_VI | -1105620:ビネガー:NO_VI | -2841398:ヴィネーグル:NO_VI | -2564000:さしすせそ:NO_VI | -1957170:膾:NO_VI | -1003340:がり:NO_VI"
"food-drinks-25","","1538590","油","あぶら","vi","dầu","1","0","0","0","2","2","100","0","0","0","2","2","100","-1538590:油:VI | -1595020:醤油:VI"
"food-drinks-25","","1538590","油","あぶら","en","oil","1","20","0","0","20","1","5","10","0","0","10","1","10","-1538590:油:VI | -1382830:石油:NO_VI | -2004210:あんだ:NO_VI | -1033900:オイル:NO_VI | -1789610:差し油:NO_VI | -2866585:石脳油:NO_VI | -2247120:油をさす:NO_VI | -1857020:油を引く:NO_VI | -1169250:引く:NO_VI | -1239150:凝脂:NO_VI"
"food-drinks-26","","1267600","胡椒","こしょう","vi","hạt tiêu","1","0","0","0","1","1","100","0","0","0","1","1","100","-1267600:胡椒:VI"
"food-drinks-26","","1267600","胡椒","こしょう","en","pepper","1","20","0","0","20","1","5","10","0","0","10","1","10","-1267600:胡椒:VI | -1121240:ペパー:NO_VI | -1121010:ペッパー:NO_VI | -1571710:蓼:NO_VI | -2265160:薑:NO_VI | -1460500:南蛮:NO_VI | -1303250:山椒:NO_VI | -2829462:川蓼:NO_VI | -2691360:柳蓼:NO_VI | -2833609:水蓼:NO_VI"
"food-drinks-26","","1267600","胡椒","こしょう","viAlias","tiêu","1","0","0","0","1","1","100","0","0","0","1","1","100","-1267600:胡椒:VI"
"food-drinks-27","","1348650","小麦粉","こむぎこ","vi","bột mì","1","0","0","0","1","1","100","0","0","0","1","1","100","-1348650:小麦粉:VI"
"food-drinks-27","","1348650","小麦粉","こむぎこ","en","wheat flour","2","14","0","0","14","1","7.14","10","0","0","10","1","10","-1476290:麦粉:NO_VI | -1348650:小麦粉:VI | -1134020:メリケン粉:NO_VI | -2183980:全粒粉:NO_VI | -1830580:生そば:NO_VI | -1985570:金楚糕:NO_VI | -1846240:うどん粉:NO_VI | -2780330:二八蕎麦:NO_VI | -2843086:お焼き:NO_VI | -1808640:そば粉:NO_VI"
"food-drinks-28","","1508750","米","こめ","vi","gạo","1","1","1","100","1","1","100","1","1","100","1","1","100","-1508750:米:VI"
"food-drinks-28","","1508750","米","こめ","en","uncooked rice","2","1","0","0","2","1","50","1","0","0","2","1","50","-1829860:生米:NO_VI | -1508750:米:VI"
"food-drinks-28","","1508750","米","こめ","enAlias","rice grain","1","1","0","0","2","1","50","1","0","0","2","1","50","-1508750:米:VI | -2686370:大吟醸:NO_VI"
"food-drinks-29","","1595650","寿司","すし","vi","sushi","1","20","0","0","20","1","5","10","0","0","10","1","10","-1595650:寿司:VI | -2859003:弥助:NO_VI | -2828365:す文字:NO_VI | -2842214:シースー:NO_VI | -2714350:御す文字:NO_VI | -1921990:玉:NO_VI | -1956010:貫:NO_VI | -1161570:一貫:NO_VI | -2099670:助六:NO_VI | -1603900:巻物:NO_VI"
"food-drinks-29","","1595650","寿司","すし","en","sushi","1","20","0","0","20","1","5","10","0","0","10","1","10","-1595650:寿司:VI | -2859003:弥助:NO_VI | -2828365:す文字:NO_VI | -2842214:シースー:NO_VI | -2714350:御す文字:NO_VI | -1921990:玉:NO_VI | -1956010:貫:NO_VI | -1161570:一貫:NO_VI | -2099670:助六:NO_VI | -1603900:巻物:NO_VI"
"food-drinks-30","","1137720","拉麺","ラーメン","vi","mì ramen","1","0","0","0","1","1","100","0","0","0","1","1","100","-1137720:拉麺:VI"
"food-drinks-30","","1137720","拉麺","ラーメン","en","ramen","1","20","0","0","20","1","5","10","0","0","10","1","10","-1137720:拉麺:VI | -2094870:支那そば:NO_VI | -2866176:ちゅるちゅる:NO_VI | -2867035:家系:NO_VI | -5657095:満龍:NO_VI | -2860918:麺処:NO_VI | -2850574:ラオタ:NO_VI | -2185680:担々麺:NO_VI | -1410840:替え玉:NO_VI | -2432260:硬メン:NO_VI"
"food-drinks-31","","1039140","咖哩","カレー","vi","cà ri","1","0","0","0","1","1","100","0","0","0","1","1","100","-1039140:咖哩:VI"
"food-drinks-31","","1039140","咖哩","カレー","en","curry","1","20","0","0","20","1","5","10","0","0","10","1","10","-1039140:咖哩:VI | -1143560:ルー:NO_VI | -1572790:諂う:NO_VI | -1150020:阿る:NO_VI | -1566080:媚びる:NO_VI | -2868768:へいこら:NO_VI | -2854592:カレー屋:NO_VI | -2871076:カレー店:NO_VI | -2787670:カレー粉:NO_VI | -2836819:カレー饅:NO_VI"
"food-drinks-32","","1067040","スープ","スープ","vi","súp","1","0","0","0","2","2","100","0","0","0","2","2","100","-1067040:スープ:VI | -2005660:ブロコリ:VI"
"food-drinks-32","","1067040","スープ","スープ","en","soup","3","20","0","0","20","1","5","10","0","0","10","1","10","-2594590:湯:NO_VI | -1768750:汁物:NO_VI | -1067040:スープ:VI | -2138340:ソップ:NO_VI | -2827120:お汁:NO_VI | -2828356:お付け:NO_VI | -1335520:汁:NO_VI | -2866951:潮:NO_VI | -1583630:付き:NO_VI | -1339160:出し:NO_VI"
"food-drinks-33","","1057850","サラダ","サラダ","vi","salad","1","20","0","0","20","1","5","10","0","0","10","1","10","-1057850:サラダ:VI | -2776300:青饅:NO_VI | -2653080:白和え:NO_VI | -2856836:蓬莱蕉:NO_VI | -2827027:野萵苣:NO_VI | -2426750:鰻ざく:NO_VI | -1853150:サラダ油:NO_VI | -1057900:サラダ皿:NO_VI | -1923710:サラドレ:NO_VI | -2839868:ポテサラ:NO_VI"
"food-drinks-33","","1057850","サラダ","サラダ","en","salad","1","20","0","0","20","1","5","10","0","0","10","1","10","-1057850:サラダ:VI | -2776300:青饅:NO_VI | -2653080:白和え:NO_VI | -2856836:蓬莱蕉:NO_VI | -2827027:野萵苣:NO_VI | -2426750:鰻ざく:NO_VI | -1853150:サラダ油:NO_VI | -1057900:サラダ皿:NO_VI | -1923710:サラドレ:NO_VI | -2839868:ポテサラ:NO_VI"
"food-drinks-33","","1057850","サラダ","サラダ","viAlias","rau trộn","1","0","0","0","1","1","100","0","0","0","1","1","100","-1057850:サラダ:VI"
"food-drinks-34","","1047860","ケーキ","ケーキ","vi","bánh kem","1","1","1","100","1","1","100","1","1","100","1","1","100","-1047860:ケーキ:VI"
"food-drinks-34","","1047860","ケーキ","ケーキ","en","cake","1","20","1","5","20","1","5","10","1","10","10","1","10","-1047860:ケーキ:VI | -2848195:クーヘン:NO_VI | -1195670:菓子:NO_VI | -1001710:お菓子:NO_VI | -1040310:ガトー:NO_VI | -1089140:ドルチェ:NO_VI | -1609070:甘味:NO_VI | -2838766:甘味:NO_VI | -1957160:粽:NO_VI | -1535790:餅:NO_VI"
"food-drinks-34","","1047860","ケーキ","ケーキ","viAlias","bánh ngọt","1","1","1","100","1","1","100","1","1","100","1","1","100","-1047860:ケーキ:VI"
"food-drinks-35","","1013980","アイスクリーム","アイスクリーム","vi","kem","1","21","2","9.52","21","4","19.05","10","2","20","10","4","40","-1013980:アイスクリーム:VI | -1047860:ケーキ:VI | -1770210:歯磨き粉:VI | 74:下手:VI | -1177180:煙:NO_VI | -1335590:獣:NO_VI | -1226280:鞠:NO_VI | -1577090:仮名:NO_VI | -1329860:受身:NO_VI | -1257780:拳法:NO_VI"
"food-drinks-35","","1013980","アイスクリーム","アイスクリーム","en","ice cream","1","20","0","0","20","1","5","10","0","0","10","1","10","-1013980:アイスクリーム:VI | -1013970:アイス:NO_VI | -1044480:クリーム:NO_VI | -1075500:ソフト:NO_VI | -2827291:巻き糞:NO_VI | -1073600:スマック:NO_VI | -2745070:ババヘラ:NO_VI | -1112690:フロート:NO_VI | -2194580:ジェラート:NO_VI | -2612470:小倉アイス:NO_VI"
"fruit-vegetables-01","","1571460","苺","いちご","vi","dâu tây","1","0","0","0","1","1","100","0","0","0","1","1","100","-1571460:苺:VI"
"fruit-vegetables-01","","1571460","苺","いちご","en","strawberry","1","19","0","0","19","1","5.26","10","0","0","10","1","10","-1571460:苺:VI | -2858049:フレーズ:NO_VI | -1071590:ストロベリー:NO_VI | -2194810:毒苺:NO_VI | -2799920:甘王:NO_VI | -2774900:籬貝:NO_VI | -1837080:紅雀:NO_VI | -1842220:雪の下:NO_VI | -5742654:雪苺娘:NO_VI | -2840631:いちご畑:NO_VI"
"fruit-vegetables-02","","1380890","西瓜","すいか","vi","dưa hấu","1","0","0","0","1","1","100","0","0","0","1","1","100","-1380890:西瓜:VI"
"fruit-vegetables-02","","1380890","西瓜","すいか","en","watermelon","1","6","0","0","6","1","16.67","6","0","0","6","1","16.67","-1380890:西瓜:VI | -1026510:ウォーターメロン:NO_VI | -2705400:氷雪藻:NO_VI | -1766690:スイカ割り:NO_VI | -2394930:田助すいか:NO_VI | -2236760:種なし西瓜:NO_VI"
"fruit-vegetables-03","","1555480","林檎","りんご","vi","táo","1","1","1","100","1","1","100","1","1","100","1","1","100","-1555480:りんご:VI"
"fruit-vegetables-03","","1555480","林檎","りんご","en","apple","1","19","1","5.26","19","1","5.26","10","1","10","10","1","10","-1555480:りんご:VI | -2859672:林檎:NO_VI | -2859671:苹果:NO_VI | -1016700:アップル:NO_VI | -2745650:西洋林檎:NO_VI | -1677730:喉仏:NO_VI | -1773060:海棠:NO_VI | -1837030:紅玉:NO_VI | -2835365:蒲桃:NO_VI | -2854409:蓮霧:NO_VI"
"fruit-vegetables-03","","1555480","林檎","りんご","viAlias","quả táo","1","0","0","0","1","1","100","0","0","0","1","1","100","-1555480:りんご:VI"
"fruit-vegetables-04","","1099420","バナナ","バナナ","vi","chuối","1","1","1","100","1","1","100","1","1","100","1","1","100","-1099420:バナナ:VI"
"fruit-vegetables-04","","1099420","バナナ","バナナ","en","banana","1","20","1","5","20","1","5","10","1","10","10","1","10","-1099420:バナナ:VI | -2833215:甘蕉:NO_VI | -2740680:香蕉:NO_VI | -2833216:実芭蕉:NO_VI | -2502380:外鰯:NO_VI | -1471550:芭蕉:NO_VI | -2824940:蕉葉:NO_VI | -1539550:優曇華:NO_VI | -2208980:庭見草:NO_VI | -1629040:猩猩蠅:NO_VI"
"fruit-vegetables-05","","1499230","葡萄","ぶどう","vi","nho","2","21","2","9.52","21","4","19.05","10","1","10","10","3","30","-1347750:小さい:VI | -1499230:葡萄:VI | -1206050:覚える:VI | -1320310:室:NO_VI | -1373400:雛:NO_VI | -1011380:へぼ:NO_VI | -1366730:人格:NO_VI | -1405580:俗念:NO_VI | -1556900:冷遇:NO_VI | -1549330:卵胞:NO_VI"
"fruit-vegetables-05","","1499230","葡萄","ぶどう","en","grape","1","20","0","0","20","1","5","10","0","0","10","1","10","-1499230:葡萄:VI | -1047570:グレープ:NO_VI | -1846050:ぶどう色:NO_VI | -2241030:ガメ:NO_VI | -2832489:タナ:NO_VI | -2862636:テレ:NO_VI | -1232300:巨峰:NO_VI | -1062890:シラー:NO_VI | -2832672:ドミナ:NO_VI | -2832819:ボバル:NO_VI"
"fruit-vegetables-06","","1448290","桃","もも","vi","đào","1","0","0","0","2","2","100","0","0","0","2","2","100","-1448290:桃:VI | -1298460:桜ん坊:VI"
"fruit-vegetables-06","","1448290","桃","もも","en","peach","1","20","0","0","20","1","5","10","0","0","10","1","10","-1448290:桃:VI | -1106250:ピーチ:NO_VI | -1448330:桃色:NO_VI | -1885960:上巳:NO_VI | -1912700:桃園:NO_VI | -1661770:桃李:NO_VI | -2701100:桃林:NO_VI | -1896680:桃花:NO_VI | -1737410:水蜜:NO_VI | -1303880:産毛:NO_VI"
"fruit-vegetables-06","","1448290","桃","もも","viAlias","quả đào","1","0","0","0","1","1","100","0","0","0","1","1","100","-1448290:桃:VI"
"fruit-vegetables-07","","1549860","梨","なし","vi","lê","1","1","1","100","3","3","100","1","1","100","3","3","100","-1549860:梨:VI | -1355120:乗る:VI | -1016710:アップロード:VI"
"fruit-vegetables-07","","1549860","梨","なし","en","pear","3","20","0","0","20","1","5","10","0","0","10","1","10","-1899080:梨の実:NO_VI | -2119170:ありの実:NO_VI | -1549860:梨:VI | -2849141:ペア:NO_VI | -2851808:和梨:NO_VI | -2424800:山梨:NO_VI | -1915480:梨花:NO_VI | -2851806:梨酒:NO_VI | -1794490:洋梨:NO_VI | -2828759:豆梨:NO_VI"
"fruit-vegetables-07","","1549860","梨","なし","viAlias","quả lê","1","0","0","0","1","1","100","0","0","0","1","1","100","-1549860:梨:VI"
"fruit-vegetables-08","","1035860","オレンジ","オレンジ","vi","cam","5","20","2","10","20","5","25","10","1","10","10","4","40","-2219950:ＣＡＭ:NO_VI | -2200770:ＣＡＭ植物:NO_VI | -2292530:ＣＡＤ／ＣＡＭ:NO_VI | -1315720:持つ:VI | -1035860:オレンジ:VI | -1583720:風邪:VI | -1038310:カム:NO_VI | -1539730:勇敢:VI | -2379970:内容呼び出しメモリ:NO_VI | -1053470:コンピューター援用生産:NO_VI"
"fruit-vegetables-08","","1035860","オレンジ","オレンジ","en","orange","4","20","0","0","20","2","10","10","0","0","10","1","10","-1610170:橙色:NO_VI | -2086250:柑子色:NO_VI | -2455330:橙黄色:NO_VI | -1035860:オレンジ:VI | -1629570:オレンジ色:NO_VI | -1177130:炎色:NO_VI | -1568370:橙:NO_VI | -2273400:朱:NO_VI | -1226460:橘:NO_VI | -1411070:袋:NO_VI"
"fruit-vegetables-08","","1035860","オレンジ","オレンジ","viAlias","quả cam","1","0","0","0","1","1","100","0","0","0","1","1","100","-1035860:オレンジ:VI"
"fruit-vegetables-09","","1528410","蜜柑","みかん","vi","quýt","1","0","0","0","1","1","100","0","0","0","1","1","100","-1528410:蜜柑:VI"
"fruit-vegetables-09","","1528410","蜜柑","みかん","en","mandarin orange","1","3","0","0","3","1","33.33","3","0","0","3","1","33.33","-1528410:蜜柑:VI | -2192350:紀州みかん:NO_VI | -2272130:みかん箱:NO_VI"
"fruit-vegetables-09","","1528410","蜜柑","みかん","enAlias","tangerine","2","7","0","0","7","1","14.29","7","0","0","7","1","14.29","-2531530:タンジェリン:NO_VI | -1528410:蜜柑:VI | -1519300:房:NO_VI | -2520840:一房:NO_VI | -2828100:清見:NO_VI | -2111780:清見オレンジ:NO_VI | -2093200:シークヮーサー:NO_VI"
"fruit-vegetables-10","","1146020","檸檬","レモン","vi","chanh vàng","1","0","0","0","1","1","100","0","0","0","1","1","100","-1146020:檸檬:VI"
"fruit-vegetables-10","","1146020","檸檬","レモン","en","lemon","1","20","0","0","20","1","5","10","0","0","10","1","10","-1146020:檸檬:VI | -2509300:レモン色:NO_VI | -1927680:ラムネ:NO_VI | -2059000:レスカ:NO_VI | -2637660:檸檬鮫:NO_VI | -1060770:シトロン:NO_VI | -2263000:メリッサ:NO_VI | -2842454:ラムネ玉:NO_VI | -2509310:レモン水:NO_VI | -2133200:レモン汁:NO_VI"
"fruit-vegetables-11","","2855111","ライム","ライム","vi","chanh xanh","1","0","0","0","1","1","100","0","0","0","1","1","100","-2855111:ライム:VI"
"fruit-vegetables-11","","2855111","ライム","ライム","en","lime","2","20","0","0","20","1","5","10","0","0","10","1","10","-1382530:石灰:NO_VI | -2855111:ライム:VI | -2688580:藍汁:NO_VI | -2866502:貝灰:NO_VI | -1575350:黐竿:NO_VI | -1038890:加爾基:NO_VI | -1743090:消石灰:NO_VI | -2866497:牡蠣灰:NO_VI | -1379190:生石灰:NO_VI | -2108970:瘤蜜柑:NO_VI"
"fruit-vegetables-12","","1101100","パイナップル","パイナップル","vi","dứa","1","0","0","0","1","1","100","0","0","0","1","1","100","-1101100:パイナップル:VI"
"fruit-vegetables-12","","1101100","パイナップル","パイナップル","en","pineapple","4","10","0","0","10","1","10","10","0","0","10","1","10","-2172220:鳳梨:NO_VI | -1919950:パイン:NO_VI | -2828918:アナナス:NO_VI | -1101100:パイナップル:VI | -2771520:真海鞘:NO_VI | -2521730:菠蘿包:NO_VI | -2828760:なつひめ:NO_VI | -2601590:フェイジョア:NO_VI | -1101320:パインジュース:NO_VI | -2472090:パイナップルフラワー:NO_VI"
"fruit-vegetables-12","","1101100","パイナップル","パイナップル","viAlias","thơm","1","0","0","0","1","1","100","0","0","0","1","1","100","-1101100:パイナップル:VI"
"fruit-vegetables-12","","1101100","パイナップル","パイナップル","viAlias","khóm","1","0","0","0","1","1","100","0","0","0","1","1","100","-1101100:パイナップル:VI"
"fruit-vegetables-13","","1130020","芒果","マンゴー","vi","xoài","1","0","0","0","1","1","100","0","0","0","1","1","100","-1130020:芒果:VI"
"fruit-vegetables-13","","1130020","芒果","マンゴー","en","mango","1","14","0","0","14","1","7.14","10","0","0","10","1","10","-1130020:芒果:VI | -2844084:菴羅:NO_VI | -1584480:万劫:NO_VI | -2841099:漫語:NO_VI | -1692570:投石機:NO_VI | -2053760:万劫末代:NO_VI | -2739830:オスマン語:NO_VI | -2794620:ゲルマン語:NO_VI | -2026950:フラマン語:NO_VI | -2197470:ゲルマン語派:NO_VI"
"fruit-vegetables-14","","1018410","アボカド","アボカド","vi","quả bơ","1","0","0","0","1","1","100","0","0","0","1","1","100","-1018410:アボカド:VI"
"fruit-vegetables-14","","1018410","アボカド","アボカド","en","avocado","2","4","0","0","4","1","25","4","0","0","4","1","25","-2748240:鰐梨:NO_VI | -1018410:アボカド:VI | -2863382:森のバター:NO_VI | -2748250:ワニナシ属:NO_VI"
"fruit-vegetables-14","","1018410","アボカド","アボカド","viAlias","trái bơ","1","0","0","0","1","1","100","0","0","0","1","1","100","-1018410:アボカド:VI"
"fruit-vegetables-15","","1204810","柿","かき","vi","hồng","1","0","0","0","2","2","100","0","0","0","2","2","100","-1204810:柿:VI | -1496480:夫:VI"
"fruit-vegetables-15","","1204810","柿","かき","en","persimmon","4","20","0","0","20","1","5","10","0","0","10","1","10","-2443470:釣り柿:NO_VI | -1796360:吊るし柿:NO_VI | -2446450:パーシモン:NO_VI | -1204810:柿:VI | -1633440:渋:NO_VI | -1725720:柿渋:NO_VI | -1725710:柿色:NO_VI | -2870915:渋墨:NO_VI | -1335560:渋柿:NO_VI | -1794020:渋紙:NO_VI"
"fruit-vegetables-15","","1204810","柿","かき","viAlias","quả hồng","1","0","0","0","1","1","100","0","0","0","1","1","100","-1204810:柿:VI"
"fruit-vegetables-16","","1134190","メロン","メロン","vi","dưa lưới","1","0","0","0","1","1","100","0","0","0","1","1","100","-1134190:メロン:VI"
"fruit-vegetables-16","","1134190","メロン","メロン","en","melon","2","20","0","0","20","1","5","10","0","0","10","1","10","-1172570:瓜:NO_VI | -1134190:メロン:VI | -1578590:五色:NO_VI | -1698070:冬瓜:NO_VI | -2872947:核子:NO_VI | -2229420:氈瓜:NO_VI | -2871059:瓜実:NO_VI | -1811290:瓜田:NO_VI | -2857237:甜瓜:NO_VI | -2464580:疣鯛:NO_VI"
"fruit-vegetables-17","","1040990","キウイ","キウイ","vi","kiwi","1","4","0","0","4","1","25","4","0","0","4","1","25","-1040990:キウイ:VI | -1041000:キウイフルーツ:NO_VI | -2034050:猿梨:NO_VI | -2748100:こくわ:NO_VI"
"fruit-vegetables-17","","1040990","キウイ","キウイ","en","kiwi fruit","1","2","0","0","2","1","50","2","0","0","2","1","50","-1040990:キウイ:VI | -1041000:キウイフルーツ:NO_VI"
"fruit-vegetables-17","","1040990","キウイ","キウイ","enAlias","kiwifruit","1","2","0","0","2","1","50","2","0","0","2","1","50","-1040990:キウイ:VI | -1041000:キウイフルーツ:NO_VI"
"fruit-vegetables-18","","1298460","桜ん坊","さくらんぼ","vi","anh đào","1","0","0","0","1","1","100","0","0","0","1","1","100","-1298460:桜ん坊:VI"
"fruit-vegetables-18","","1298460","桜ん坊","さくらんぼ","en","cherry","2","20","0","0","20","2","10","10","0","0","10","2","20","-2259480:桜桃:NO_VI | -1298460:桜ん坊:VI | -1077610:チェリー:NO_VI | -1927000:チェリーピンク:NO_VI | -2258540:実桜:NO_VI | -1593710:桜:NO_VI | -1152850:梓:NO_VI | -1194500:花:VI | -1536760:夜桜:NO_VI | -1302870:山桜:NO_VI"
"fruit-vegetables-18","","1298460","桜ん坊","さくらんぼ","viAlias","quả anh đào","1","0","0","0","1","1","100","0","0","0","1","1","100","-1298460:桜ん坊:VI"
"fruit-vegetables-19","","1085420","トマト","トマト","vi","cà chua","1","0","0","0","1","1","100","0","0","0","1","1","100","-1085420:トマト:VI"
"fruit-vegetables-19","","1085420","トマト","トマト","en","tomato","2","20","0","0","20","1","5","10","0","0","10","1","10","-2532450:蕃茄:NO_VI | -1085420:トマト:VI | -2863785:ポモドーロ:NO_VI | -1829110:赤茄子:NO_VI | -2237120:脇芽:NO_VI | -1700270:酸漿:NO_VI | -2836811:ピザ饅:NO_VI | -1125560:ポマト:NO_VI | -2828034:タマリロ:NO_VI | -2089430:プチトマト:NO_VI"
"fruit-vegetables-20","","1591500","胡瓜","きゅうり","vi","dưa chuột","1","0","0","0","1","1","100","0","0","0","1","1","100","-1591500:胡瓜:VI"
"fruit-vegetables-20","","1591500","胡瓜","きゅうり","en","cucumber","1","20","0","0","20","1","5","10","0","0","10","1","10","-1591500:胡瓜:VI | -1193540:河童:NO_VI | -2523070:毛瓜:NO_VI | -1201570:海鼠:NO_VI | -1841220:白瓜:NO_VI | -1311500:糸瓜:NO_VI | -2523080:赤瓜:NO_VI | -1950480:海鼠腸:NO_VI | -2829567:荒地瓜:NO_VI | -2828033:角苦瓜:NO_VI"
"fruit-vegetables-20","","1591500","胡瓜","きゅうり","viAlias","dưa leo","1","0","0","0","1","1","100","0","0","0","1","1","100","-1591500:胡瓜:VI"
"fruit-vegetables-21","","1367800","人参","にんじん","vi","cà rốt","1","0","0","0","1","1","100","0","0","0","1","1","100","-1367800:人参:VI"
"fruit-vegetables-21","","1367800","人参","にんじん","en","carrot","1","20","0","0","20","1","5","10","0","0","10","1","10","-1367800:人参:VI | -2171200:胡蘿蔔:NO_VI | -2027500:キャロット:NO_VI | -2826540:がめ煮:NO_VI | -1984210:筑前煮:NO_VI | -2625410:巻繊:NO_VI | -2828328:立忍:NO_VI | -1243170:金平:NO_VI | -2441610:島人参:NO_VI | -2397010:桂剥き:NO_VI"
"fruit-vegetables-22","","1240670","玉ねぎ","たまねぎ","vi","hành tây","1","1","1","100","1","1","100","1","1","100","1","1","100","-1240670:玉ねぎ:VI"
"fruit-vegetables-22","","1240670","玉ねぎ","たまねぎ","en","onion","1","20","1","5","20","1","5","10","1","10","10","1","10","-1240670:玉ねぎ:VI | -1034500:オニオン:NO_VI | -1467630:葱:NO_VI | -2196000:冬葱:NO_VI | -1954620:分葱:NO_VI | -2195990:根深:NO_VI | -2147880:海葱:NO_VI | -1845250:牛丼:NO_VI | -1364690:神主:NO_VI | -2841848:薤白:NO_VI"
"fruit-vegetables-23","","1005930","じゃが芋","じゃがいも","vi","khoai tây","1","0","0","0","1","1","100","0","0","0","1","1","100","-1005930:じゃが芋:VI"
"fruit-vegetables-23","","1005930","じゃが芋","じゃがいも","en","potato","5","20","0","0","20","1","5","10","0","0","10","1","10","-2826521:じゃが:NO_VI | -2854847:バタタ:NO_VI | -1125400:ポテト:NO_VI | -2830276:馬鈴薯:NO_VI | -1005930:じゃが芋:VI | -2194060:ジャガタラ芋:NO_VI | -1167960:芋:NO_VI | -1001390:御田:NO_VI | -2142140:関東炊き:NO_VI | -2723070:咬𠺕吧:NO_VI"
"fruit-vegetables-24","","1041870","キャベツ","キャベツ","vi","bắp cải","1","0","0","0","1","1","100","0","0","0","1","1","100","-1041870:キャベツ:VI"
"fruit-vegetables-24","","1041870","キャベツ","キャベツ","en","cabbage","3","20","0","0","20","1","5","10","0","0","10","1","10","-1828570:玉菜:NO_VI | -2063850:甘藍:NO_VI | -1041870:キャベツ:VI | -2805330:泡菜:NO_VI | -1475170:白菜:NO_VI | -2828038:菜心:NO_VI | -2207980:雍菜:NO_VI | -1381640:青虫:NO_VI | -2866739:コナガ:NO_VI | -2855745:シチー:NO_VI"
"fruit-vegetables-25","","1145450","レタス","レタス","vi","xà lách","1","0","0","0","1","1","100","0","0","0","1","1","100","-1145450:レタス:VI"
"fruit-vegetables-25","","1145450","レタス","レタス","en","lettuce","2","19","0","0","19","1","5.26","10","0","0","10","1","10","-2832028:萵苣:NO_VI | -1145450:レタス:VI | -2835858:包菜:NO_VI | -2612250:地縛:NO_VI | -1382860:石蓴:NO_VI | -1254720:結球:NO_VI | -2612260:岩苦菜:NO_VI | -2827027:野萵苣:NO_VI | -2466150:サラダ菜:NO_VI | -2186430:サンチュ:NO_VI"
"fruit-vegetables-26","","1195240","茄子","なす","vi","cà tím","1","0","0","0","1","1","100","0","0","0","1","1","100","-1195240:茄子:VI"
"fruit-vegetables-26","","1195240","茄子","なす","en","eggplant","1","20","0","0","20","1","5","10","0","0","10","1","10","-1195240:茄子:VI | -2468140:エッグプラント:NO_VI | -2825902:はさみ焼き:NO_VI | -2759190:オーバジーン:NO_VI | -2838112:ジロ:NO_VI | -1516460:放す:NO_VI | -2209150:小茄子:NO_VI | -2501990:水茄子:NO_VI | -2565970:秋茄子:NO_VI | -2853958:米ナス:NO_VI"
"fruit-vegetables-26","","1195240","茄子","なす","enAlias","aubergine","2","2","0","0","2","1","50","2","0","0","2","1","50","-2759190:オーバジーン:NO_VI | -1195240:茄子:VI"
"fruit-vegetables-27","","1413730","大根","だいこん","vi","củ cải trắng","1","0","0","0","1","1","100","0","0","0","1","1","100","-1413730:大根:VI"
"fruit-vegetables-27","","1413730","大根","だいこん","en","daikon","1","20","0","0","20","1","5","10","0","0","10","1","10","-1413730:大根:VI | -2186230:蘿蔔:NO_VI | -2834519:御根葉:NO_VI | -1001390:御田:NO_VI | -2142140:関東炊き:NO_VI | -2841723:辛物:NO_VI | -2248470:繊:NO_VI | -1574090:霙:NO_VI | -2625410:巻繊:NO_VI | -2570520:干菜:NO_VI"
"fruit-vegetables-27","","1413730","大根","だいこん","viAlias","củ cải Nhật","1","0","0","0","1","1","100","0","0","0","1","1","100","-1413730:大根:VI"
"fruit-vegetables-28","","1603410","ほうれん草","ほうれんそう","vi","rau bina","1","0","0","0","1","1","100","0","0","0","1","1","100","-1603410:ほうれん草:VI"
"fruit-vegetables-28","","1603410","ほうれん草","ほうれんそう","en","spinach","1","11","1","9.09","11","2","18.18","10","1","10","10","2","20","-1603410:ほうれん草:VI | -2735450:常夜鍋:NO_VI | -1547720:来る:VI | -2800020:蔓紫:NO_VI | -2845950:酸葉:NO_VI | -2207980:雍菜:NO_VI | -2867305:ツルナ:NO_VI | -1348300:小松菜:NO_VI | -2399810:空芯菜:NO_VI | -2838872:パラック:NO_VI"
"fruit-vegetables-28","","1603410","ほうれん草","ほうれんそう","viAlias","cải bó xôi","1","0","0","0","1","1","100","0","0","0","1","1","100","-1603410:ほうれん草:VI"
"fruit-vegetables-29","","2005660","ブロコリ","ブロコリ","vi","bông cải xanh","1","0","0","0","1","1","100","0","0","0","1","1","100","-2005660:ブロコリ:VI"
"fruit-vegetables-29","","2005660","ブロコリ","ブロコリ","en","broccoli","1","9","0","0","9","1","11.11","9","0","0","9","1","11.11","-2005660:ブロコリ:VI | -2804320:小房:NO_VI | -2237120:脇芽:NO_VI | -2769190:芥藍:NO_VI | -2828347:ロマネスコ:NO_VI | -2828040:はなっこりー:NO_VI | -2859674:茎ブロッコリー:NO_VI | -2859622:スティックセニョール:NO_VI | -2859673:スティックブロッコリー:NO_VI"
"fruit-vegetables-29","","2005660","ブロコリ","ブロコリ","viAlias","súp lơ xanh","1","0","0","0","1","1","100","0","0","0","1","1","100","-2005660:ブロコリ:VI"
"fruit-vegetables-30","","1582580","南瓜","かぼちゃ","vi","bí ngô","1","0","0","0","1","1","100","0","0","0","1","1","100","-1582580:南瓜:VI"
"fruit-vegetables-30","","1582580","南瓜","かぼちゃ","en","pumpkin","1","10","0","0","10","1","10","10","0","0","10","1","10","-1582580:南瓜:VI | -1103460:パンプキン:NO_VI | -1446660:唐茄子:NO_VI | -1090830:南京:NO_VI | -2863260:腸:NO_VI | -1592450:くり抜く:NO_VI | -2507490:ペポ南瓜:NO_VI | -2625300:冬至南瓜:NO_VI | -2829239:おもちゃ南瓜:NO_VI | -2861283:パンプキンパイ:NO_VI"
"fruit-vegetables-30","","1582580","南瓜","かぼちゃ","viAlias","bí đỏ","1","0","0","0","1","1","100","0","0","0","1","1","100","-1582580:南瓜:VI"
"fruit-vegetables-31","","1299220","さつま芋","さつまいも","vi","khoai lang","1","0","0","0","1","1","100","0","0","0","1","1","100","-1299220:さつま芋:VI"
"fruit-vegetables-31","","1299220","さつま芋","さつまいも","en","sweet potato","5","20","0","0","20","1","5","10","0","0","10","1","10","-1774840:唐芋:NO_VI | -2859107:蕃薯:NO_VI | -2565720:琉球芋:NO_VI | -2683120:金時芋:NO_VI | -1299220:さつま芋:VI | -2521490:薩摩:NO_VI | -2685810:金時:NO_VI | -1125400:ポテト:NO_VI | -2564900:安納芋:NO_VI | -1067140:スイートポテト:NO_VI"
"fruit-vegetables-32","","1599940","大蒜","にんにく","vi","tỏi","1","0","0","0","1","1","100","0","0","0","1","1","100","-1599940:大蒜:VI"
"fruit-vegetables-32","","1599940","大蒜","にんにく","en","garlic","1","20","0","0","20","1","5","10","0","0","10","1","10","-1599940:大蒜:VI | -2828367:に文字:NO_VI | -1039810:ガーリック:NO_VI | -2192680:忍辱:NO_VI | -1467090:韮:NO_VI | -2196010:小韮:NO_VI | -1571590:葷酒:NO_VI | -2826731:マー油:NO_VI | -2849659:レバ韮:NO_VI | -2196020:二文字:NO_VI"
"fruit-vegetables-33","","1379620","生姜","しょうが","vi","gừng","1","0","0","0","1","1","100","0","0","0","1","1","100","-1379620:生姜:VI"
"fruit-vegetables-33","","1379620","生姜","しょうが","en","ginger","2","20","0","0","20","1","5","10","0","0","10","1","10","-2265160:薑:NO_VI | -1379620:生姜:VI | -1066620:ジンジャー:NO_VI | -2703220:桜味噌:NO_VI | -2850124:葷:NO_VI | -1003340:がり:NO_VI | -2787780:乾薑:NO_VI | -2446660:月桃:NO_VI | -2825929:生姜:NO_VI | -2674570:細辛:NO_VI"
"household-01","","1557110","冷蔵庫","れいぞうこ","vi","tủ lạnh","1","0","0","0","1","1","100","0","0","0","1","1","100","-1557110:冷蔵庫:VI"
"household-01","","1557110","冷蔵庫","れいぞうこ","en","refrigerator","4","19","0","0","19","1","5.26","10","0","0","10","1","10","-1556610:冷:NO_VI | -1948700:冷凍機:NO_VI | -1556880:冷却器:NO_VI | -1557110:冷蔵庫:VI | -2690330:冷凍装置:NO_VI | -2594150:Ｒ:NO_VI | -2832285:リーファー:NO_VI | -2398700:庫内:NO_VI | -2735700:保冷車:NO_VI | -1557250:冷凍船:NO_VI"
"household-01","","1557110","冷蔵庫","れいぞうこ","enAlias","fridge","1","2","0","0","2","1","50","2","0","0","2","1","50","-1557110:冷蔵庫:VI | -1943490:電気冷蔵庫:NO_VI"
"household-02","","1390990","洗濯機","せんたくき","vi","máy giặt","1","0","0","0","1","1","100","0","0","0","1","1","100","-1390990:洗濯機:VI"
"household-02","","1390990","洗濯機","せんたくき","en","washing machine","2","17","0","0","17","1","5.88","10","0","0","10","1","10","-2838455:洗:NO_VI | -1390990:洗濯機:VI | -1136740:ユーティリティー:NO_VI | -1199350:回す:NO_VI | -1164370:一槽式:NO_VI | -1462610:二槽式:NO_VI | -2230920:洗濯槽:NO_VI | -1765770:電気洗濯機:NO_VI | -2846139:高圧洗浄機:NO_VI | -2827704:パルセーター:NO_VI"
"household-03","","1596390","掃除機","そうじき","vi","máy hút bụi","1","0","0","0","1","1","100","0","0","0","1","1","100","-1596390:掃除機:VI"
"household-03","","1596390","掃除機","そうじき","en","vacuum cleaner","1","11","0","0","11","1","9.09","10","0","0","10","1","10","-1596390:掃除機:VI | -1363620:真空掃除機:NO_VI | -1098200:バキュームクリーナー:NO_VI | -5743447:ルンバ:NO_VI | -1813660:集塵袋:NO_VI | -1765800:電気掃除機:NO_VI | -2619810:掃除ロボット:NO_VI | -2859804:ロボット掃除機:NO_VI | -2848638:掃除機をかける:NO_VI | -2844063:ハンディクリーナー:NO_VI"
"household-04","","1443380","電子レンジ","でんしレンジ","vi","lò vi sóng","1","0","0","0","1","1","100","0","0","0","1","1","100","-1443380:電子レンジ:VI"
"household-04","","1443380","電子レンジ","でんしレンジ","en","microwave oven","1","2","0","0","2","1","50","2","0","0","2","1","50","-1443380:電子レンジ:VI | -1146110:レンジ:NO_VI"
"household-04","","1443380","電子レンジ","でんしレンジ","enAlias","microwave","12","18","0","0","18","1","5.56","10","0","0","10","0","0","-2822770:チンする:NO_VI | -1126860:マイクロ波:NO_VI | -1126610:マイクロウェーブ:NO_VI | -1077380:チン:NO_VI | -1146110:レンジ:NO_VI | -2841428:ＭＬＳ:NO_VI | -2075010:メーザー:NO_VI | -2842196:レンチン:NO_VI | -2831088:加熱ムラ:NO_VI | -2831087:温めムラ:NO_VI"
"household-05","","1372360","炊飯器","すいはんき","vi","nồi cơm điện","1","0","0","0","1","1","100","0","0","0","1","1","100","-1372360:炊飯器:VI"
"household-05","","1372360","炊飯器","すいはんき","en","rice cooker","1","6","0","0","6","1","16.67","6","0","0","6","1","16.67","-1372360:炊飯器:VI | -2744280:内釜:NO_VI | -1702320:土釜:NO_VI | -2749210:外釜:NO_VI | -2851397:早炊き:NO_VI | -2749070:炊飯ジャー:NO_VI"
"household-06","","1027180","エアコン","エアコン","vi","máy điều hòa","1","0","0","0","1","1","100","0","0","0","1","1","100","-1027180:エアコン:VI"
"household-06","","1027180","エアコン","エアコン","en","air conditioner","2","13","0","0","13","1","7.69","10","0","0","10","1","10","-2452570:冷房機:NO_VI | -1027180:エアコン:VI | -1043310:クーラー:NO_VI | -1933720:空調設備:NO_VI | -1027190:エアコンディショナー:NO_VI | -2655490:空調機:NO_VI | -2655480:空気調和機:NO_VI | -1143840:ルームクーラー:NO_VI | -2748270:急風:NO_VI | -2869905:室内機:NO_VI"
"household-06","","1027180","エアコン","エアコン","viAlias","máy lạnh","1","0","0","0","1","1","100","0","0","0","1","1","100","-1027180:エアコン:VI"
"household-06","","1027180","エアコン","エアコン","viAlias","điều hòa","1","0","0","0","1","1","100","0","0","0","1","1","100","-1027180:エアコン:VI"
"household-07","","1390760","扇風機","せんぷうき","vi","quạt điện","1","0","0","0","1","1","100","0","0","0","1","1","100","-1390760:扇風機:VI"
"household-07","","1390760","扇風機","せんぷうき","en","electric fan","1","2","0","0","2","1","50","2","0","0","2","1","50","-1390760:扇風機:VI | -2856128:首掛け扇風機:NO_VI"
"household-08","","1080510","テレビ","テレビ","vi","ti vi","1","0","0","0","1","1","100","0","0","0","1","1","100","-1080510:テレビ:VI"
"household-08","","1080510","テレビ","テレビ","en","television","3","20","0","0","20","1","5","10","0","0","10","1","10","-2110860:電視:NO_VI | -2717290:ＴＶ:NO_VI | -1080510:テレビ:VI | -1080550:テレビジョン:NO_VI | -2847797:夜食テロ:NO_VI | -2498770:テレ:NO_VI | -1410410:帯:NO_VI | -2845447:タレ:NO_VI | -1925670:テ欄:NO_VI | -2856162:ラテ:NO_VI"
"household-08","","1080510","テレビ","テレビ","viAlias","tivi","1","20","1","5","20","2","10","10","1","10","10","2","20","-1080510:テレビ:VI | -1227560:休む:VI | -1375260:性:NO_VI | -2078050:活:NO_VI | -2662230:眼:NO_VI | -1161550:一環:NO_VI | -1175420:厭う:NO_VI | -1173410:営み:NO_VI | -1226690:客観:NO_VI | -1212550:感度:NO_VI"
"household-08","","1080510","テレビ","テレビ","viAlias","tivi màn hình","1","0","0","0","1","1","100","0","0","0","1","1","100","-1080510:テレビ:VI"
"household-08","","1080510","テレビ","テレビ","enAlias","TV","2","20","1","5","20","2","10","10","1","10","10","2","20","-2717290:ＴＶ:NO_VI | -1080510:テレビ:VI | -1522150:本:VI | -1220540:期:NO_VI | -2100460:話:NO_VI | -1923390:がや:NO_VI | -1166600:一本:NO_VI | -1542990:予告:NO_VI | -1338290:出演:NO_VI | -2432390:前説:NO_VI"
"household-09","","1157070","椅子","いす","vi","ghế","1","1","1","100","2","2","100","1","1","100","2","2","100","-1157070:椅子:VI | -1075480:ソファ:VI"
"household-09","","1157070","椅子","いす","en","chair","1","20","1","5","20","1","5","10","1","10","10","1","10","-1157070:椅子:VI | -1226140:議長:NO_VI | -1077440:チェア:NO_VI | -1156120:委員長:NO_VI | -1563470:倚子:NO_VI | -2853756:曲録:NO_VI | -2181990:榻背:NO_VI | -2120790:ニケツ:NO_VI | -2851909:ラグ車:NO_VI | -1792960:寝椅子:NO_VI"
"household-10","","1220210","机","つくえ","vi","bàn làm việc","1","1","1","100","1","1","100","1","1","100","1","1","100","-1220210:机:VI"
"household-10","","1220210","机","つくえ","en","desk","1","20","1","5","20","1","5","10","1","10","10","1","10","-1220210:机:VI | -1868590:几案:NO_VI | -1415710:卓用:NO_VI | -1083120:デスク:NO_VI | -1415580:卓:NO_VI | -1581530:卓子:NO_VI | -1564340:几:NO_VI | -1154770:案:NO_VI | -1325740:主席:NO_VI | -1458080:内勤:NO_VI"
"household-11","","1078630","テーブル","テーブル","vi","bàn","1","3","3","100","6","6","100","3","3","100","6","6","100","-1078630:テーブル:VI | -1327190:手:VI | -1220210:机:VI | -1404630:足:VI | -1313070:歯ブラシ:VI | -1040910:キーボード:VI"
"household-11","","1078630","テーブル","テーブル","en","table","5","20","1","5","20","2","10","10","0","0","10","1","10","-1415580:卓:NO_VI | -1489350:表:NO_VI | -1581530:卓子:NO_VI | -2498360:ターフル:NO_VI | -1078630:テーブル:VI | -1412560:台:NO_VI | -1400230:早見:NO_VI | -1167190:一覧表:NO_VI | -1564340:几:NO_VI | -1355790:場:NO_VI"
"household-11","","1078630","テーブル","テーブル","viAlias","bàn ăn","1","0","0","0","1","1","100","0","0","0","1","1","100","-1078630:テーブル:VI"
"household-12","","1075480","ソファ","ソファ","vi","ghế sofa","1","0","0","0","1","1","100","0","0","0","1","1","100","-1075480:ソファ:VI"
"household-12","","1075480","ソファ","ソファ","en","sofa","1","10","0","0","10","1","10","10","0","0","10","1","10","-1075480:ソファ:VI | -1792960:寝椅子:NO_VI | -2587790:地位協定:NO_VI | -2865314:ソファー席:NO_VI | -2837258:ローソファ:NO_VI | -2837259:カウチソファ:NO_VI | -2827579:ラブソファー:NO_VI | -2837256:コーナーソファ:NO_VI | -2266660:ソファーベッド:NO_VI | -2837260:リクライニングソファ:NO_VI"
"household-12","","1075480","ソファ","ソファ","viAlias","ghế sô pha","1","0","0","0","1","1","100","0","0","0","1","1","100","-1075480:ソファ:VI"
"household-12","","1075480","ソファ","ソファ","enAlias","couch","5","10","0","0","10","1","10","10","0","0","10","1","10","-2002840:カウチ:NO_VI | -1429780:長椅子:NO_VI | -1853350:斜に構える:NO_VI | -1580570:寝台:NO_VI | -1075480:ソファ:VI | -1792960:寝椅子:NO_VI | -1036860:カウチポテト:NO_VI | -2261790:クシェット:NO_VI | -2863846:コーチング:NO_VI | -2467350:コーチングステッチ:NO_VI"
"household-13","","1119650","ベッド","ベッド","vi","giường","1","1","1","100","1","1","100","1","1","100","1","1","100","-1119650:ベッド:VI"
"household-13","","1119650","ベッド","ベッド","en","bed","1","20","3","15","20","3","15","10","1","10","10","1","10","-1119650:ベッド:VI | -1349370:床:NO_VI | -1580570:寝台:NO_VI | -1360150:寝床:NO_VI | -2181980:床榻:NO_VI | -2842105:ベット:NO_VI | -1399540:層:NO_VI | -1421320:地層:NO_VI | -1421420:地盤:NO_VI | -1768640:枕席:NO_VI"
"household-14","","1496890","布団","ふとん","vi","chăn đệm kiểu Nhật","1","0","0","0","1","1","100","0","0","0","1","1","100","-1496890:布団:VI"
"household-14","","1496890","布団","ふとん","en","futon","1","20","0","0","20","1","5","10","0","0","10","1","10","-1496890:布団:VI | -1594170:敷き布団:NO_VI | -1497020:敷く:NO_VI | -1841800:柏餅:NO_VI | -2791460:胡同:NO_VI | -2597750:開枕:NO_VI | -1526330:万年床:NO_VI | -1216530:丸洗い:NO_VI | -1191360:夏掛け:NO_VI | -1176390:延べる:NO_VI"
"household-15","","1524860","枕","まくら","vi","gối","1","0","0","0","2","2","100","0","0","0","2","2","100","-1524860:枕:VI | -1487320:膝:VI"
"household-15","","1524860","枕","まくら","en","pillow","1","20","0","0","20","1","5","10","0","0","10","1","10","-1524860:枕:VI | -2492700:ピロー:NO_VI | -2179850:褥:NO_VI | -2440960:後戯:NO_VI | -1698780:手枕:NO_VI | -1768610:枕元:NO_VI | -2563860:枕籍:NO_VI | -2597950:枕経:NO_VI | -1768670:枕詞:NO_VI | -2557310:枕銭:NO_VI"
"household-16","","1533950","毛布","もうふ","vi","chăn","1","0","0","0","2","2","100","0","0","0","2","2","100","-1533950:毛布:VI | -1496890:布団:VI"
"household-16","","1533950","毛布","もうふ","en","blanket","1","20","0","0","20","1","5","10","0","0","10","1","10","-1533950:毛布:VI | -2784250:ケット:NO_VI | -1114050:ブランケット:NO_VI | -2838725:押し包む:NO_VI | -2759220:埋め尽くす:NO_VI | -1633920:敷き詰める:NO_VI | -2866805:敷網:NO_VI | -2670020:清拭:NO_VI | -2724090:馬着:NO_VI | -2727540:綿毛布:NO_VI"
"household-17","","1416700","棚","たな","vi","kệ","1","0","0","0","2","2","100","0","0","0","2","2","100","-1416700:棚:VI | -1522980:本棚:VI"
"household-17","","1416700","棚","たな","en","shelf","1","20","0","0","20","1","5","10","0","0","10","1","10","-1416700:棚:VI | -2865719:棚板:NO_VI | -2300220:シェルフ:NO_VI | -1633690:段:NO_VI | -1353870:上段:NO_VI | -1576950:下段:NO_VI | -2254810:店棚:NO_VI | -1220420:既製:NO_VI | -1193140:架上:NO_VI | -2834216:棚代:NO_VI"
"household-18","","1522980","本棚","ほんだな","vi","giá sách","1","0","0","0","1","1","100","0","0","0","1","1","100","-1522980:本棚:VI"
"household-18","","1522980","本棚","ほんだな","en","bookshelf","4","4","0","0","4","1","25","4","0","0","4","1","25","-1343970:書架:NO_VI | -1344110:書棚:NO_VI | -2837269:ブックシェルフ:NO_VI | -1522980:本棚:VI"
"household-18","","1522980","本棚","ほんだな","viAlias","kệ sách","1","0","0","0","1","1","100","0","0","0","1","1","100","-1522980:本棚:VI"
"household-19","","1238550","鏡","かがみ","vi","gương","1","0","0","0","1","1","100","0","0","0","1","1","100","-1238550:鏡:VI"
"household-19","","1238550","鏡","かがみ","en","mirror","1","20","0","0","20","1","5","10","0","0","10","1","10","-1238550:鏡:VI | -1131750:ミラー:NO_VI | -2243640:真経津の鏡:NO_VI | -1224290:亀鑑:NO_VI | -1870020:鏡鑑:NO_VI | -2563340:主鏡:NO_VI | -1576580:円鏡:NO_VI | -1456520:凸鏡:NO_VI | -1307730:姿見:NO_VI | -1748530:宝鑑:NO_VI"
"household-20","","1316140","時計","とけい","vi","đồng hồ","1","1","1","100","2","2","100","1","1","100","2","2","100","-1316140:時計:VI | -1562870:腕時計:VI"
"household-20","","1316140","時計","とけい","en","clock","1","20","1","5","20","1","5","10","1","10","10","1","10","-1316140:時計:VI | -1045830:クロック:NO_VI | -2356860:刻時機構:NO_VI | -2196110:時辰儀:NO_VI | -1535850:戻す:NO_VI | -1464870:日夜:NO_VI | -1796990:漏刻:NO_VI | -1317110:示す:NO_VI | -2254880:古時計:NO_VI | -2249760:常香盤:NO_VI"
"household-21","","1036290","カーテン","カーテン","vi","rèm cửa","1","0","0","0","1","1","100","0","0","0","1","1","100","-1036290:カーテン:VI"
"household-21","","1036290","カーテン","カーテン","en","curtain","7","20","0","0","20","1","5","10","0","0","10","1","10","-2546060:帳:NO_VI | -1524750:幕:NO_VI | -2590320:帳幕:NO_VI | -1566520:帷帳:NO_VI | -1566530:帷幕:NO_VI | -1566580:幔幕:NO_VI | -1036290:カーテン:VI | -1597230:垂れ幕:NO_VI | -2086070:垂れ絹:NO_VI | -1766200:引き物:NO_VI"
"household-22","","1087820","ドア","ドア","vi","cửa","1","6","6","100","9","9","100","6","6","100","9","9","100","-1087820:ドア:VI | -1582120:店:VI | -1401400:窓:VI | -1508590:閉める:VI | -1202450:開ける:VI | -1053280:コンビニ:VI | -1440670:店員:VI | -1194560:花屋:VI | -1036290:カーテン:VI"
"household-22","","1087820","ドア","ドア","en","door","3","20","1","5","20","3","15","10","0","0","10","1","10","-1266970:戸:NO_VI | -1483380:扉:NO_VI | -1087820:ドア:VI | -2650180:屋戸:NO_VI | -1267000:戸口:NO_VI | -2222010:枢戸:NO_VI | -1536190:門口:NO_VI | -1536180:門戸:NO_VI | -1690030:焚き口:NO_VI | -1632940:開き戸:NO_VI"
"household-22","","1087820","ドア","ドア","viAlias","cửa ra vào","1","0","0","0","1","1","100","0","0","0","1","1","100","-1087820:ドア:VI"
"household-23","","1401400","窓","まど","vi","cửa sổ","1","1","1","100","1","1","100","1","1","100","1","1","100","-1401400:窓:VI"
"household-23","","1401400","窓","まど","en","window","1","20","1","5","20","2","10","10","1","10","10","1","10","-1401400:窓:VI | -2275380:窓付き:NO_VI | -1025220:ウィンドウ:NO_VI | -2371290:窓表示域変換:NO_VI | -2011970:窓側:NO_VI | -1401420:窓口:NO_VI | -1025225:ウインド:NO_VI | -1266970:戸:NO_VI | -2221960:枢:NO_VI | -2073170:框:NO_VI"
"household-24","","1260490","鍵","かぎ","vi","chìa khóa","1","1","1","100","1","1","100","1","1","100","1","1","100","-1260490:鍵:VI"
"household-24","","1260490","鍵","かぎ","en","key","1","20","1","5","20","1","5","10","1","10","10","1","10","-1260490:鍵:VI | -1956690:調:NO_VI | -2247650:鍵:NO_VI | -1040680:キー:NO_VI | -2175210:管鑰:NO_VI | -1040980:キー入力:NO_VI | -2868907:じょっぴん:NO_VI | -1219010:基幹:NO_VI | -2594320:妙諦:NO_VI | -1373380:枢要:NO_VI"
"household-24","","1260490","鍵","かぎ","viAlias","chìa khoá","1","0","0","0","1","1","100","0","0","0","1","1","100","-1260490:鍵:VI"
"household-25","","1443170","電球","でんきゅう","vi","bóng đèn","1","0","0","0","1","1","100","0","0","0","1","1","100","-1443170:電球:VI"
"household-25","","1443170","電球","でんきゅう","en","light bulb","1","11","0","0","11","1","9.09","10","0","0","10","1","10","-1443170:電球:VI | -1999840:白熱電球:NO_VI | -1240530:玉:NO_VI | -1582150:灯る:NO_VI | -2869300:直管:NO_VI | -2273870:豆球:NO_VI | -2015300:麦球:NO_VI | -1822210:裸電球:NO_VI | -1640960:豆電球:NO_VI | -2639620:ナツメ球:NO_VI"
"household-26","","1299680","皿","さら","vi","đĩa","1","0","0","0","1","1","100","0","0","0","1","1","100","-1299680:皿:VI"
"household-26","","1299680","皿","さら","en","plate","1","20","1","5","20","2","10","10","0","0","10","1","10","-1299680:皿:VI | -1299685:お皿:NO_VI | -1370480:図版:NO_VI | -1116470:プレート:NO_VI | -2841961:器皿:NO_VI | -1298970:札:NO_VI | -1481350:板:NO_VI | -1481480:版:NO_VI | -1482420:盤:NO_VI | -1422990:着せる:NO_VI"
"household-27","","1597530","茶碗","ちゃわん","vi","bát cơm","1","0","0","0","1","1","100","0","0","0","1","1","100","-1597530:茶碗:VI"
"household-27","","1597530","茶碗","ちゃわん","en","rice bowl","1","5","0","0","5","1","20","5","0","0","5","1","20","-1597530:茶碗:VI | -2590300:飯茶碗:NO_VI | -2870369:丼屋:NO_VI | -2639130:深川丼:NO_VI | -1841840:夫婦茶碗:NO_VI"
"household-27","","1597530","茶碗","ちゃわん","viAlias","chén cơm","1","0","0","0","1","1","100","0","0","0","1","1","100","-1597530:茶碗:VI"
"household-28","","1050390","洋杯","コップ","vi","cốc","1","0","0","0","1","1","100","0","0","0","1","1","100","-1050390:洋杯:VI"
"household-28","","1050390","洋杯","コップ","en","drinking glass","1","0","0","0","1","1","100","0","0","0","1","1","100","-1050390:洋杯:VI"
"household-28","","1050390","洋杯","コップ","viAlias","ly","1","21","18","85.71","21","19","90.48","10","9","90","10","9","90","-1050390:洋杯:VI | -2093870:李朝:NO_VI | 25:荷物:VI | -1288850:今:VI | -1392580:前:VI | -1191730:家:VI | -1277450:好き:VI | -1192150:家族:VI | -1360010:寝る:VI | -1547720:来る:VI"
"household-29","","1476410","箸","はし","vi","đũa","1","0","0","0","1","1","100","0","0","0","1","1","100","-1476410:箸:VI"
"household-29","","1476410","箸","はし","en","chopsticks","1","20","0","0","20","1","5","10","0","0","10","1","10","-1476410:箸:VI | -2082800:お手元:NO_VI | -2869887:チョップスティック:NO_VI | -2750710:猫踏んじゃった:NO_VI | -1606940:割り箸:NO_VI | -1396490:膳:NO_VI | -1903840:匕箸:NO_VI | -2624410:太箸:NO_VI | -1814460:杉箸:NO_VI | -2442380:横箸:NO_VI"
"household-30","","1072590","スプーン","スプーン","vi","thìa","1","0","0","0","1","1","100","0","0","0","1","1","100","-1072590:スプーン:VI"
"household-30","","1072590","スプーン","スプーン","en","spoon","2","20","0","0","20","1","5","10","0","0","10","1","10","-1585630:匙:NO_VI | -1072590:スプーン:VI | -2265440:螠:NO_VI | -2228970:一匕:NO_VI | -1446470:刀圭:NO_VI | -1903840:匕箸:NO_VI | -2442380:横箸:NO_VI | -1422710:茶杓:NO_VI | -1559210:蓮華:NO_VI | -2229000:飯匙:NO_VI"
"household-30","","1072590","スプーン","スプーン","viAlias","muỗng","1","0","0","0","1","1","100","0","0","0","1","1","100","-1072590:スプーン:VI"
"household-31","","1110110","フォーク","フォーク","vi","nĩa","1","0","0","0","1","1","100","0","0","0","1","1","100","-1110110:フォーク:VI"
"household-31","","1110110","フォーク","フォーク","en","fork","5","20","0","0","20","1","5","10","0","0","10","1","10","-2837861:肉叉:NO_VI | -2864781:両取り:NO_VI | -1503370:分岐点:NO_VI | -2837860:肉刺し:NO_VI | -1110110:フォーク:VI | -1502980:分かれ目:NO_VI | -1689210:分脈:NO_VI | -1246860:熊手:NO_VI | -1917220:分かれ:NO_VI | -1606600:分かれる:NO_VI"
"household-32","","1515530","包丁","ほうちょう","vi","dao bếp","1","0","0","0","1","1","100","0","0","0","1","1","100","-1515530:包丁:VI"
"household-32","","1515530","包丁","ほうちょう","en","kitchen knife","1","16","0","0","16","1","6.25","10","0","0","10","1","10","-1515530:包丁:VI | -2842287:キッチンナイフ:NO_VI | -1301320:三徳:NO_VI | -1339300:出刃:NO_VI | -1957040:柳刃:NO_VI | -2077950:片刃:NO_VI | -1344290:諸刃:NO_VI | -2536100:和包丁:NO_VI | -2651780:洋包丁:NO_VI | -2651760:万能包丁:NO_VI"
"household-33","","1459720","鍋","なべ","vi","nồi","1","0","0","0","2","2","100","0","0","0","2","2","100","-1459720:鍋:VI | -1372360:炊飯器:VI"
"household-33","","1459720","鍋","なべ","en","cooking pot","2","2","0","0","3","1","33.33","2","0","0","3","1","33.33","-2651880:焼き鍋:NO_VI | -1459720:鍋:VI | -2851600:羽釜:NO_VI"
"household-34","","1111160","フライパン","フライパン","vi","chảo","1","0","0","0","1","1","100","0","0","0","1","1","100","-1111160:フライパン:VI"
"household-34","","1111160","フライパン","フライパン","en","frying pan","2","12","0","0","12","1","8.33","10","0","0","10","1","10","-2850596:パン:NO_VI | -1111160:フライパン:VI | -1695820:中華鍋:NO_VI | -1597170:卵焼き:NO_VI | -2048690:前虎後狼:NO_VI | -2831149:卵焼き器:NO_VI | -1857020:油を引く:NO_VI | -2862474:火にかける:NO_VI | -2403500:一難去ってまた一難:NO_VI | -2708140:前門の虎、後門の狼:NO_VI"
"household-35","","1382590","石鹸","せっけん","vi","xà phòng","1","0","0","0","1","1","100","0","0","0","1","1","100","-1382590:石鹸:VI"
"household-35","","1382590","石鹸","せっけん","en","soap","1","20","0","0","20","1","5","10","0","0","10","1","10","-1382590:石鹸:VI | -2842344:サボン:NO_VI | -2853281:セープ:NO_VI | -1075340:ソープ:NO_VI | -1061730:シャボン:NO_VI | -2831680:昼帯:NO_VI | -1828540:玉屋:NO_VI | -2190740:鹸化:NO_VI | -2427300:家庭劇:NO_VI | -2777290:昼ドラ:NO_VI"
"household-35","","1382590","石鹸","せっけん","viAlias","xà bông","1","0","0","0","1","1","100","0","0","0","1","1","100","-1382590:石鹸:VI"
"household-36","","1313070","歯ブラシ","はブラシ","vi","bàn chải đánh răng","1","0","0","0","1","1","100","0","0","0","1","1","100","-1313070:歯ブラシ:VI"
"household-36","","1313070","歯ブラシ","はブラシ","en","toothbrush","1","6","0","0","6","1","16.67","6","0","0","6","1","16.67","-1313070:歯ブラシ:VI | -2857417:歯磨き楊枝:NO_VI | -1545780:楊枝:NO_VI | -2814830:房楊枝:NO_VI | -1443680:電動歯ブラシ:NO_VI | -2829670:アメニティバイキング:NO_VI"
"household-37","","1770210","歯磨き粉","はみがきこ","vi","kem đánh răng","1","0","0","0","1","1","100","0","0","0","1","1","100","-1770210:歯磨き粉:VI"
"household-37","","1770210","歯磨き粉","はみがきこ","en","toothpaste","4","8","0","0","8","1","12.5","8","0","0","8","1","12.5","-1781480:練り歯磨き:NO_VI | -2430400:歯磨剤:NO_VI | -2862494:歯磨き剤:NO_VI | -1770210:歯磨き粉:VI | -1601040:歯磨き:NO_VI | -2188740:はこべ塩:NO_VI | -5742450:シュミテクト:NO_VI | -2859784:ぐちゅぐちゅぺー:NO_VI"
"household-38","","1076170","タオル","タオル","vi","khăn","1","0","0","0","2","2","100","0","0","0","2","2","100","-1076170:タオル:VI | -1129210:マフラー:VI"
"household-38","","1076170","タオル","タオル","en","towel","2","20","0","0","20","1","5","10","0","0","10","1","10","-2029610:手巾:NO_VI | -1076170:タオル:VI | -1698920:手拭き:NO_VI | -2871507:お手拭き:NO_VI | -2836992:てんてん:NO_VI | -1598400:手ぬぐい:NO_VI | -1979200:乾布:NO_VI | -1496850:布巾:NO_VI | -2590150:拭布:NO_VI | -1001910:お絞り:NO_VI"
"household-39","","1005010","ゴミ箱","ごみばこ","vi","thùng rác","1","0","0","0","1","1","100","0","0","0","1","1","100","-1005010:ゴミ箱:VI"
"household-39","","1005010","ゴミ箱","ごみばこ","en","trash can","1","3","0","0","3","1","33.33","3","0","0","3","1","33.33","-1005010:ゴミ箱:VI | -1924090:ダストボックス:NO_VI | -2827007:ペダルペール:NO_VI"
"household-39","","1005010","ゴミ箱","ごみばこ","viAlias","sọt rác","1","0","0","0","1","1","100","0","0","0","1","1","100","-1005010:ゴミ箱:VI"
"household-39","","1005010","ゴミ箱","ごみばこ","enAlias","rubbish bin","1","3","0","0","3","1","33.33","3","0","0","3","1","33.33","-1005010:ゴミ箱:VI | -1005000:ゴミ入れ:NO_VI | -1924090:ダストボックス:NO_VI"
"household-40","","1390950","洗剤","せんざい","vi","chất tẩy rửa","1","0","0","0","1","1","100","0","0","0","1","1","100","-1390950:洗剤:VI"
"household-40","","1390950","洗剤","せんざい","en","detergent","1","11","0","0","11","1","9.09","10","0","0","10","1","10","-1390950:洗剤:VI | -2149190:洗浄剤:NO_VI | -1888960:洗濯粉:NO_VI | -1941050:洗濯石鹸:NO_VI | -1045440:クレンザー:NO_VI | -2158010:洗剤液:NO_VI | -1424730:中性洗剤:NO_VI | -1657260:合成洗剤:NO_VI | -2436430:ソープレスソープ:NO_VI | -2631190:非イオン系合成洗剤:NO_VI"
"transport-01","","1318400","自動車","じどうしゃ","vi","ô tô","2","1","1","100","3","3","100","1","1","100","3","3","100","-1323080:車:VI | -1318400:自動車:VI | -1032030:オートバイ:VI"
"transport-01","","1318400","自動車","じどうしゃ","en","car","6","20","1","5","20","2","10","10","1","10","10","2","20","-1323080:車:VI | -2773260:車:NO_VI | -2863571:お車:NO_VI | -1036170:カー:NO_VI | -1355460:乗用車:NO_VI | -1318400:自動車:VI | -1323250:車両:NO_VI | -1307410:四輪車:NO_VI | -1585650:箱:NO_VI | -1031910:オート:NO_VI"
"transport-01","","1318400","自動車","じどうしゃ","viAlias","xe hơi","2","1","1","100","2","2","100","1","1","100","2","2","100","-1323080:車:VI | -1318400:自動車:VI"
"transport-01","","1318400","自動車","じどうしゃ","viAlias","xe ô tô","1","0","0","0","1","1","100","0","0","0","1","1","100","-1318400:自動車:VI"
"transport-01","","1318400","自動車","じどうしゃ","enAlias","automobile","5","20","1","5","20","2","10","10","1","10","10","2","20","-1307410:四輪車:NO_VI | -1032190:オートモビル:NO_VI | -1323080:車:VI | -1355460:乗用車:NO_VI | -1318400:自動車:VI | -1134500:モーターカー:NO_VI | -1031910:オート:NO_VI | -1011120:ブーブー:NO_VI | -1644370:輪禍:NO_VI | -5000899:いすゞ:NO_VI"
"transport-02","","1032030","オートバイ","オートバイ","vi","xe máy","1","0","0","0","1","1","100","0","0","0","1","1","100","-1032030:オートバイ:VI"
"transport-02","","1032030","オートバイ","オートバイ","en","motorcycle","5","20","0","0","20","1","5","10","0","0","10","1","10","-1097810:バイク:NO_VI | -2504640:原付一種:NO_VI | -2476660:小型二輪:NO_VI | -2864936:自動二輪:NO_VI | -1032030:オートバイ:VI | -2677570:自動二輪車:NO_VI | -1134510:モーターサイクル:NO_VI | -1417520:単車:NO_VI | -2686970:落車:NO_VI | -1134530:モーターバイク:NO_VI"
"transport-02","","1032030","オートバイ","オートバイ","viAlias","xe mô tô","1","0","0","0","1","1","100","0","0","0","1","1","100","-1032030:オートバイ:VI"
"transport-02","","1032030","オートバイ","オートバイ","enAlias","motorbike","5","10","0","0","10","1","10","10","0","0","10","1","10","-1134530:モーターバイク:NO_VI | -1417520:単車:NO_VI | -1097810:バイク:NO_VI | -2864936:自動二輪:NO_VI | -1032030:オートバイ:VI | -2677570:自動二輪車:NO_VI | -2623410:０半:NO_VI | -5741757:レブル:NO_VI | -2857600:バイク便:NO_VI | -1924980:ポケバイ:NO_VI"
"transport-03","","1318290","自転車","じてんしゃ","vi","xe đạp","1","1","1","100","1","1","100","1","1","100","1","1","100","-1318290:自転車:VI"
"transport-03","","1318290","自転車","じてんしゃ","en","bicycle","1","20","1","5","20","1","5","10","1","10","10","1","10","-1318290:自転車:VI | -2825894:ケッタ:NO_VI | -1007640:チャリ:NO_VI | -2864328:ちゃりき:NO_VI | -1007650:チャリンコ:NO_VI | -2479130:バイシクル:NO_VI | -1804440:銀輪:NO_VI | -1097810:バイク:NO_VI | -2686970:落車:NO_VI | -1916190:輪業:NO_VI"
"transport-03","","1318290","自転車","じてんしゃ","enAlias","bike","1","20","1","5","20","1","5","10","1","10","10","1","10","-1318290:自転車:VI | -1097810:バイク:NO_VI | -1318300:自転車をこぐ:NO_VI | -2840669:びけ:NO_VI | -1098210:バギー:NO_VI | -2839083:ＢＭＸ:NO_VI | -2869126:ＭＴＢ:NO_VI | -1924980:ポケバイ:NO_VI | -2787540:レーパン:NO_VI | -2790510:デコチャリ:NO_VI"
"transport-04","","1098390","バス","バス","vi","xe buýt","1","1","1","100","1","1","100","1","1","100","1","1","100","-1098390:バス:VI"
"transport-04","","1098390","バス","バス","en","bus","1","20","2","10","20","2","10","10","2","20","10","2","20","-1098390:バス:VI | -2846490:乗合バス:NO_VI | -1355220:乗合自動車:NO_VI | -2520720:車中泊:NO_VI | -2845700:吊り広告:NO_VI | -2103720:中吊り広告:NO_VI | -2654010:ヘッドマーク:NO_VI | -1783140:母線:NO_VI | -1175140:駅:VI | -1307610:始発:NO_VI"
"transport-05","","1443530","電車","でんしゃ","vi","tàu điện","1","2","2","100","2","2","100","2","2","100","2","2","100","-1443530:電車:VI | -1420900:地下鉄:VI"
"transport-05","","1443530","電車","でんしゃ","en","train","1","20","2","10","20","2","10","10","1","10","10","1","10","-1443530:電車:VI | -1558370:列車:NO_VI | -1304940:仕込む:NO_VI | -1573420:躾ける:NO_VI | -1087200:トレイン:NO_VI | -1373610:裾:NO_VI | -1351570:裳裾:NO_VI | -1212650:慣らす:NO_VI | -2462680:撓める:NO_VI | -2520720:車中泊:NO_VI"
"transport-05","","1443530","電車","でんしゃ","enAlias","electric train","1","7","1","14.29","7","1","14.29","7","1","14.29","7","1","14.29","-1443530:電車:VI | -2830558:電動車:NO_VI | -1286880:国電:NO_VI | -1222700:汽車:NO_VI | -1351090:省線:NO_VI | -2654900:電源車:NO_VI | -2084400:ビューゲル:NO_VI"
"transport-06","","1085760","トラック","トラック","vi","xe tải","1","0","0","0","1","1","100","0","0","0","1","1","100","-1085760:トラック:VI"
"transport-06","","1085760","トラック","トラック","en","truck","1","20","0","0","20","2","10","10","0","0","10","1","10","-1085760:トラック:VI | -1195910:貨物自動車:NO_VI | -2773260:車:NO_VI | -2849429:バン:NO_VI | -1412630:台車:NO_VI | -2850390:中貨:NO_VI | -2854197:台貫:NO_VI | -2848401:大貨:NO_VI | -2850391:普貨:NO_VI | -1031910:オート:NO_VI"
"transport-07","","1076190","タクシー","タクシー","vi","taxi","1","20","1","5","20","1","5","10","1","10","10","1","10","-1076190:タクシー:VI | -2831975:タク:NO_VI | -2839391:ハイタク:NO_VI | -2741680:円タク:NO_VI | -2828388:キャブ:NO_VI | -1884890:実車:NO_VI | -1245610:空車:NO_VI | -1282080:行灯:NO_VI | -2396920:迎車:NO_VI | -2623460:タクる:NO_VI"
"transport-07","","1076190","タクシー","タクシー","en","taxi","1","20","1","5","20","1","5","10","1","10","10","1","10","-1076190:タクシー:VI | -2831975:タク:NO_VI | -2839391:ハイタク:NO_VI | -2741680:円タク:NO_VI | -2828388:キャブ:NO_VI | -1884890:実車:NO_VI | -1245610:空車:NO_VI | -1282080:行灯:NO_VI | -2396920:迎車:NO_VI | -2623460:タクる:NO_VI"
"transport-07","","1076190","タクシー","タクシー","viAlias","xe taxi","1","1","1","100","1","1","100","1","1","100","1","1","100","-1076190:タクシー:VI"
"transport-08","","1485470","飛行機","ひこうき","vi","máy bay","1","0","0","0","1","1","100","0","0","0","1","1","100","-1485470:飛行機:VI"
"transport-08","","1485470","飛行機","ひこうき","en","airplane","2","20","0","0","20","1","5","10","0","0","10","1","10","-2841142:乗機:NO_VI | -1485470:飛行機:VI | -1510630:偏流:NO_VI | -1417880:単発:NO_VI | -1220780:機影:NO_VI | -1485580:飛来:NO_VI | -1518440:鵬翼:NO_VI | -1787880:多発機:NO_VI | -1703700:専用機:NO_VI | -1827920:複座機:NO_VI"
"transport-08","","1485470","飛行機","ひこうき","enAlias","aeroplane","1","18","0","0","18","1","5.56","10","0","0","10","1","10","-1485470:飛行機:VI | -1326400:主翼:NO_VI | -1417880:単発:NO_VI | -2057540:実機:NO_VI | -1791640:愛機:NO_VI | -1779970:機上:NO_VI | -1780020:機尾:NO_VI | -1679630:発艦:NO_VI | -1518440:鵬翼:NO_VI | -1787880:多発機:NO_VI"
"transport-09","","1602800","船","ふね","vi","tàu thủy","1","0","0","0","1","1","100","0","0","0","1","1","100","-1602800:船:VI"
"transport-09","","1602800","船","ふね","en","ship","2","20","0","0","20","1","5","10","0","0","10","1","10","-2855971:船:NO_VI | -1602800:船:VI | -2611330:船艇:NO_VI | -1060660:シップ:NO_VI | -1392080:船舶:NO_VI | -1402730:送る:NO_VI | -2778420:カードモデル:NO_VI | -1355360:乗船:NO_VI | -1352170:上:NO_VI | -1216250:丸:NO_VI"
"transport-09","","1602800","船","ふね","viAlias","tàu thuỷ","1","0","0","0","1","1","100","0","0","0","1","1","100","-1602800:船:VI"
"transport-10","","1420900","地下鉄","ちかてつ","vi","tàu điện ngầm","1","1","1","100","1","1","100","1","1","100","1","1","100","-1420900:地下鉄:VI"
"transport-10","","1420900","地下鉄","ちかてつ","en","subway","1","13","1","7.69","13","1","7.69","10","1","10","10","1","10","-1420900:地下鉄:VI | -2850009:地下鉄道:NO_VI | -1057200:サブウェイ:NO_VI | -1133720:メトロ:NO_VI | -2855633:オウム事件:NO_VI | -1930550:営団地下鉄:NO_VI | -2834902:市営地下鉄:NO_VI | -5742408:都営地下鉄:NO_VI | -1922290:オウム真理教:NO_VI | -5745084:仙台市地下鉄:NO_VI"
"transport-10","","1420900","地下鉄","ちかてつ","enAlias","underground railway","1","2","0","0","3","1","33.33","2","0","0","3","1","33.33","-1420900:地下鉄:VI | -1133720:メトロ:NO_VI | -2850009:地下鉄道:NO_VI"
"transport-11","","1361590","新幹線","しんかんせん","vi","tàu Shinkansen","1","1","1","100","1","1","100","1","1","100","1","1","100","-1361590:新幹線:VI"
"transport-11","","1361590","新幹線","しんかんせん","en","bullet train","1","3","1","33.33","3","1","33.33","3","1","33.33","3","1","33.33","-1361590:新幹線:VI | -1942170:弾丸列車:NO_VI | -5744392:韓国高速鉄道:NO_VI"
"transport-11","","1361590","新幹線","しんかんせん","viAlias","tàu cao tốc Nhật","1","0","0","0","1","1","100","0","0","0","1","1","100","-1361590:新幹線:VI"
"transport-12","","1229100","救急車","きゅうきゅうしゃ","vi","xe cứu thương","1","1","1","100","1","1","100","1","1","100","1","1","100","-1229100:救急車:VI"
"transport-12","","1229100","救急車","きゅうきゅうしゃ","en","ambulance","1","14","1","7.14","14","1","7.14","10","1","10","10","1","10","-1229100:救急車:VI | -2866845:病院車:NO_VI | -2832869:救急自動車:NO_VI | -2832877:アンビュランス:NO_VI | -2832875:８ナンバー:NO_VI | -1339220:出場:NO_VI | -2832872:救急隊:NO_VI | -2124060:救急搬送:NO_VI | -2424200:救急隊員:NO_VI | -1602160:１１９番:NO_VI"
"transport-13","","1350360","消防車","しょうぼうしゃ","vi","xe cứu hỏa","1","0","0","0","1","1","100","0","0","0","1","1","100","-1350360:消防車:VI"
"transport-13","","1350360","消防車","しょうぼうしゃ","en","fire engine","1","7","0","0","7","1","14.29","7","0","0","7","1","14.29","-1350360:消防車:VI | -2832867:消防自動車:NO_VI | -2619020:消防車両:NO_VI | -1339220:出場:NO_VI | -2847443:化学車:NO_VI | -2847442:化学消防車:NO_VI | -2843014:蒸気ポンプ:NO_VI"
"transport-13","","1350360","消防車","しょうぼうしゃ","viAlias","xe chữa cháy","1","0","0","0","1","1","100","0","0","0","1","1","100","-1350360:消防車:VI"
"transport-13","","1350360","消防車","しょうぼうしゃ","enAlias","fire truck","2","3","0","0","3","1","33.33","3","0","0","3","1","33.33","-2832433:ポンプ車:NO_VI | -1350360:消防車:VI | -2832867:消防自動車:NO_VI"
"transport-14","","1101950","パトカー","パトカー","vi","xe cảnh sát","1","0","0","0","1","1","100","0","0","0","1","1","100","-1101950:パトカー:VI"
"transport-14","","1101950","パトカー","パトカー","en","police car","1","7","0","0","7","1","14.29","7","0","0","7","1","14.29","-1101950:パトカー:VI | -2108690:パトロールカー:NO_VI | -2322310:ＰＣ:NO_VI | -2843655:ミニパト:NO_VI | -2832875:８ナンバー:NO_VI | -2839218:ミニパトカー:NO_VI | -2110880:覆面パトカー:NO_VI"
"transport-15","","1118780","ヘリコプター","ヘリコプター","vi","trực thăng","1","0","0","0","1","1","100","0","0","0","1","1","100","-1118780:ヘリコプター:VI"
"transport-15","","1118780","ヘリコプター","ヘリコプター","en","helicopter","2","19","0","0","19","1","5.26","10","0","0","10","1","10","-1118730:ヘリ:NO_VI | -1118780:ヘリコプター:VI | -2424810:離昇:NO_VI | -2834760:ヘリテレ:NO_VI | -2870485:消防ヘリ:NO_VI | -2845424:空中散歩:NO_VI | -2448340:ホバリング:NO_VI | -2617040:ドクターヘリ:NO_VI | -2842684:タンデムローター:NO_VI | -2828783:ティルトローター:NO_VI"
"transport-16","","1109980","フェリー","フェリー","vi","phà","1","0","0","0","1","1","100","0","0","0","1","1","100","-1109980:フェリー:VI"
"transport-16","","1109980","フェリー","フェリー","en","ferry","7","20","0","0","20","1","5","10","0","0","10","1","10","-1855000:渡し:NO_VI | -1739700:渡船:NO_VI | -1444600:渡し船:NO_VI | -1736290:船渡し:NO_VI | -2639750:通い船:NO_VI | -1559950:連絡船:NO_VI | -1109980:フェリー:VI | -1301450:三板:NO_VI | -1196280:過渡:NO_VI | -1355230:乗合船:NO_VI"
"transport-17","","1068190","スクーター","スクーター","vi","xe tay ga","1","0","0","0","1","1","100","0","0","0","1","1","100","-1068190:スクーター:VI"
"transport-17","","1068190","スクーター","スクーター","en","scooter","1","20","0","0","20","1","5","10","0","0","10","1","10","-1068190:スクーター:VI | -1262320:原付:NO_VI | -2863281:原付バイク:NO_VI | -5097449:ベスパ:NO_VI | -2061590:原チャ:NO_VI | -5742506:パッソル:NO_VI | -2061580:原チャリ:NO_VI | -2867040:シニアカー:NO_VI | -2087870:メットイン:NO_VI | -2837414:押して行く:NO_VI"
"transport-18","","1514380","歩行者","ほこうしゃ","vi","người đi bộ","1","0","0","0","1","1","100","0","0","0","1","1","100","-1514380:歩行者:VI"
"transport-18","","1514380","歩行者","ほこうしゃ","en","pedestrian","1","20","0","0","20","1","5","10","0","0","10","1","10","-1514380:歩行者:VI | -1121040:ペデストリアン:NO_VI | -1433210:通行人:NO_VI | -2852022:通行者:NO_VI | -1368660:人足:NO_VI | -2510260:ホコ天:NO_VI | -1368820:人通り:NO_VI | -2854508:人道橋:NO_VI | -1514430:歩道橋:NO_VI | -2834176:路側帯:NO_VI"
"transport-19","","1172830","運転","うんてん","vi","lái xe","1","0","0","0","2","2","100","0","0","0","2","2","100","-1172830:運転:VI | -1172870:運転手:VI"
"transport-19","","1172830","運転","うんてん","en","driving","6","20","0","0","20","1","5","10","0","0","10","1","10","-1408650:打ち込み:NO_VI | -2725420:ドライビング:NO_VI | -1244900:駆動:NO_VI | -1088580:ドライブ:NO_VI | -1258240:牽引:NO_VI | -1172830:運転:VI | -1655810:横殴り:NO_VI | -1432320:追い込み:NO_VI | -1585540:儺:NO_VI | -1451400:動軸:NO_VI"
"transport-20","","1359260","信号機","しんごうき","vi","đèn giao thông","1","0","0","0","1","1","100","0","0","0","1","1","100","-1359260:信号機:VI"
"transport-20","","1359260","信号機","しんごうき","en","traffic light","1","8","0","0","8","1","12.5","8","0","0","8","1","12.5","-1359260:信号機:VI | -1272380:交通信号:NO_VI | -1054190:ゴーストップ:NO_VI | -1359240:信号:NO_VI | -1359320:信号無視:NO_VI | -2855980:停止位置:NO_VI | -2839087:時差信号:NO_VI | -2839088:時差式信号:NO_VI"
"transport-21","","1592970","交差点","こうさてん","vi","ngã tư","1","0","0","0","1","1","100","0","0","0","1","1","100","-1592970:交差点:VI"
"transport-21","","1592970","交差点","こうさてん","en","intersection","8","20","1","5","20","2","10","10","0","0","10","1","10","-2865305:交差路:NO_VI | -2443730:積集合:NO_VI | -2827184:共通部分:NO_VI | -2443770:共通集合:NO_VI | -1433720:辻:NO_VI | -1271970:交差:NO_VI | -1855210:四辻:NO_VI | -1592970:交差点:VI | -1334750:十字路:NO_VI | -2018850:論理積:NO_VI"
"transport-21","","1592970","交差点","こうさてん","viAlias","giao lộ","1","0","0","0","1","1","100","0","0","0","1","1","100","-1592970:交差点:VI"
"transport-22","","1454290","道路","どうろ","vi","đường bộ","1","0","0","0","1","1","100","0","0","0","1","1","100","-1454290:道路:VI"
"transport-22","","1454290","道路","どうろ","en","road","4","20","1","5","20","2","10","10","1","10","10","2","20","-1454080:道:VI | -2158900:道:NO_VI | -1204660:街路:NO_VI | -1454290:道路:VI | -2562650:道途:NO_VI | -2861753:バーン:NO_VI | -1146580:ロード:NO_VI | -2220470:路:NO_VI | -2268290:路:NO_VI | -1323210:車道:NO_VI"
"transport-23","","1283720","高速道路","こうそくどうろ","vi","đường cao tốc","1","0","0","0","1","1","100","0","0","0","1","1","100","-1283720:高速道路:VI"
"transport-23","","1283720","高速道路","こうそくどうろ","en","expressway","5","17","0","0","17","1","5.88","10","0","0","10","1","10","-1801600:弾丸道路:NO_VI | -2251610:自動車道:NO_VI | -2857430:自動車専用道路:NO_VI | -1028060:エクスプレスウェイ:NO_VI | -1283720:高速道路:VI | -1111650:フリーウェイ:NO_VI | -1283700:高速:NO_VI | -2854332:首都高:NO_VI | -2851748:一般国道:NO_VI | -2620600:東名高速:NO_VI"
"transport-23","","1283720","高速道路","こうそくどうろ","enAlias","highway","3","20","1","5","20","3","15","10","0","0","10","2","20","-1523080:本道:NO_VI | -1204650:街道:NO_VI | -1283720:高速道路:VI | -1094930:ハイウェイ:NO_VI | -1275030:公路:NO_VI | -1274420:公道:NO_VI | -1179660:往還:NO_VI | -1454290:道路:VI | -1028060:エクスプレスウェイ:NO_VI | -1283700:高速:NO_VI"
"transport-24","","1426920","駐車場","ちゅうしゃじょう","vi","bãi đỗ xe","1","0","0","0","1","1","100","0","0","0","1","1","100","-1426920:駐車場:VI"
"transport-24","","1426920","駐車場","ちゅうしゃじょう","en","parking lot","1","18","0","0","18","1","5.56","10","0","0","10","1","10","-1426920:駐車場:VI | -1134540:モータープール:NO_VI | -2855824:駐:NO_VI | -2855023:入車:NO_VI | -2855584:出車:NO_VI | -1100420:パーキングエリア:NO_VI | -2862129:残車:NO_VI | -1812490:満車:NO_VI | -1245610:空車:NO_VI | -1594680:遮断機:NO_VI"
"transport-24","","1426920","駐車場","ちゅうしゃじょう","viAlias","bãi đậu xe","1","0","0","0","1","1","100","0","0","0","1","1","100","-1426920:駐車場:VI"
"transport-24","","1426920","駐車場","ちゅうしゃじょう","enAlias","car park","1","6","0","0","6","1","16.67","6","0","0","6","1","16.67","-1426920:駐車場:VI | -1134540:モータープール:NO_VI | -1551740:立体:NO_VI | -2121120:満空情報:NO_VI | -1948060:有料駐車場:NO_VI | -2117380:立体駐車場:NO_VI"
"transport-25","","1385170","切符","きっぷ","vi","vé","1","0","0","0","1","1","100","0","0","0","1","1","100","-1385170:切符:VI"
"transport-25","","1385170","切符","きっぷ","en","ticket","4","20","0","0","20","1","5","10","0","0","10","1","10","-1256730:券:NO_VI | -1298970:札:NO_VI | -2859052:チケ:NO_VI | -1385170:切符:VI | -2843666:通券:NO_VI | -2395610:きつぷ:NO_VI | -1355290:乗車券:NO_VI | -2856952:利用券:NO_VI | -1360220:寝台券:NO_VI | -1309920:指定券:NO_VI"
"transport-26","","1316230","時刻表","じこくひょう","vi","bảng giờ chạy","1","0","0","0","1","1","100","0","0","0","1","1","100","-1316230:時刻表:VI"
"transport-26","","1316230","時刻表","じこくひょう","en","timetable","1","9","0","0","9","1","11.11","9","0","0","9","1","11.11","-1316230:時刻表:VI | -1315960:時間割:NO_VI | -1316030:時間表:NO_VI | -2119190:タイムテーブル:NO_VI | -1435580:定刻:NO_VI | -2855660:ダイヤ:NO_VI | -2306930:タイムライン:NO_VI | -2079390:タイムスケジュール:NO_VI | -1260070:見方:NO_VI"
"transport-26","","1316230","時刻表","じこくひょう","viAlias","lịch tàu xe","1","0","0","0","1","1","100","0","0","0","1","1","100","-1316230:時刻表:VI"
"transport-27","","1580490","乗客","じょうきゃく","vi","hành khách","1","0","0","0","1","1","100","0","0","0","1","1","100","-1580490:乗客:VI"
"transport-27","","1580490","乗客","じょうきゃく","en","passenger","1","20","0","0","20","2","10","10","0","0","10","2","20","-1580490:乗客:VI | -1553140:旅客:NO_VI | -1736180:船客:NO_VI | -1600500:乗り手:NO_VI | -2852024:乗船者:NO_VI | -1943900:搭乗者:NO_VI | -1943570:渡航者:NO_VI | -1101820:パッセンジャー:NO_VI | -1653640:船人:NO_VI | -1226630:客:VI"
"transport-28","","1291880","座席","ざせき","vi","chỗ ngồi","1","0","0","0","1","1","100","0","0","0","1","1","100","-1291880:座席:VI"
"transport-28","","1291880","座席","ざせき","en","seat","3","20","1","5","20","2","10","10","1","10","10","2","20","-1382250:席:NO_VI | -1291770:座:NO_VI | -1291880:座席:VI | -2837144:座板:NO_VI | -2806830:座部:NO_VI | -2222760:座面:NO_VI | -1059450:シート:NO_VI | -1400090:操縦席:NO_VI | -1288370:腰掛け:NO_VI | -1157070:椅子:VI"
"transport-29","","1335570","渋滞","じゅうたい","vi","ùn tắc","1","0","0","0","1","1","100","0","0","0","1","1","100","-1335570:渋滞:VI"
"transport-29","","1335570","渋滞","じゅうたい","en","traffic jam","1","6","0","0","6","1","16.67","6","0","0","6","1","16.67","-1335570:渋滞:VI | -1594020:雑踏:NO_VI | -1760790:交通渋滞:NO_VI | -2853431:大渋滞:NO_VI | -2045440:混雑具合:NO_VI | -2842195:Ｕターンラッシュ:NO_VI"
"transport-29","","1335570","渋滞","じゅうたい","viAlias","kẹt xe","1","0","0","0","1","1","100","0","0","0","1","1","100","-1335570:渋滞:VI"
"jobs-01","","1237130","教師","きょうし","vi","giáo viên","2","2","2","100","2","2","100","2","2","100","2","2","100","-1387990:先生:VI | -1237130:教師:VI"
"jobs-01","","1237130","教師","きょうし","en","teacher","2","20","2","10","20","2","10","10","2","20","10","2","20","-1387990:先生:VI | -1237130:教師:VI | -1956330:師:NO_VI | -2841735:先生:NO_VI | -1496530:夫子:NO_VI | -1308890:師儒:NO_VI | -1183160:恩師:NO_VI | -1236980:教員:NO_VI | -1237050:教官:NO_VI | -2848037:教者:NO_VI"
"jobs-01","","1237130","教師","きょうし","viAlias","thầy giáo","1","0","0","0","1","1","100","0","0","0","1","1","100","-1237130:教師:VI"
"jobs-01","","1237130","教師","きょうし","viAlias","cô giáo","1","0","0","0","1","1","100","0","0","0","1","1","100","-1237130:教師:VI"
"jobs-02","","1159980","医者","いしゃ","vi","bác sĩ","1","3","3","100","4","4","100","3","3","100","4","4","100","-1159980:医者:VI | -1159930:医師:VI | -1387990:先生:VI | -1335610:獣医:VI"
"jobs-02","","1159980","医者","いしゃ","en","doctor","1","20","3","15","20","3","15","10","2","20","10","2","20","-1159980:医者:VI | -1159930:医師:VI | -1583000:博:NO_VI | -1160060:医伯:NO_VI | -2834601:博士:NO_VI | -2229590:薬師:NO_VI | -1446480:刀圭家:NO_VI | -2404800:お医者様:NO_VI | -1088140:ドクター:NO_VI | -1612760:お医者さん:NO_VI"
"jobs-03","","1928100","看護師","かんごし","vi","điều dưỡng","1","1","1","100","1","1","100","1","1","100","1","1","100","-1928100:看護師:VI"
"jobs-03","","1928100","看護師","かんごし","en","nurse","1","20","1","5","20","1","5","10","1","10","10","1","10","-1928100:看護師:VI | -1697470:守役:NO_VI | -1089620:ナース:NO_VI | -1214040:看病人:NO_VI | -1716460:看護人:NO_VI | -1213830:看護士:NO_VI | -1213870:看護婦:NO_VI | -2515910:白衣の天使:NO_VI | -1189430:伽:NO_VI | -1213810:看護:NO_VI"
"jobs-03","","1928100","看護師","かんごし","viAlias","y tá","1","1","1","100","1","1","100","1","1","100","1","1","100","-1928100:看護師:VI"
"jobs-04","","1117060","プログラマー","プログラマー","vi","lập trình viên","1","0","0","0","1","1","100","0","0","0","1","1","100","-1117060:プログラマー:VI"
"jobs-04","","1117060","プログラマー","プログラマー","en","programmer","1","5","0","0","5","1","20","5","0","0","5","1","20","-1117060:プログラマー:VI | -2300730:システムプログラマ:NO_VI | -1073340:スポーツプログラマー:NO_VI | -2281230:アプリケーション開発者:NO_VI | -2297800:コンピュータプログラマー:NO_VI"
"jobs-05","","1252400","警察官","けいさつかん","vi","cảnh sát viên","1","1","1","100","1","1","100","1","1","100","1","1","100","-1252400:警察官:VI"
"jobs-05","","1252400","警察官","けいさつかん","en","police officer","1","20","2","10","20","2","10","10","1","10","10","1","10","-1252400:警察官:VI | -1342110:巡査:NO_VI | -2213560:警吏:NO_VI | -1252330:警官:NO_VI | -1985110:お巡り:NO_VI | -2610630:マッポ:NO_VI | -2214860:警察吏員:NO_VI | -1002120:お巡りさん:NO_VI | -2861772:ポリ:NO_VI | -2846389:コップ:NO_VI"
"jobs-05","","1252400","警察官","けいさつかん","viAlias","nhân viên cảnh sát","1","1","1","100","1","1","100","1","1","100","1","1","100","-1252400:警察官:VI"
"jobs-06","","1350350","消防士","しょうぼうし","vi","lính cứu hỏa","1","0","0","0","1","1","100","0","0","0","1","1","100","-1350350:消防士:VI"
"jobs-06","","1350350","消防士","しょうぼうし","en","firefighter","1","10","0","0","10","1","10","10","0","0","10","1","10","-1350350:消防士:VI | -2838660:鳶の者:NO_VI | -2527770:定火消し:NO_VI | -2527760:火消し役:NO_VI | -1008670:鳶:NO_VI | -1350340:消防:NO_VI | -1738350:とび職:NO_VI | -1738330:鳶口:NO_VI | -1339190:出初式:NO_VI | -1743120:消防団:NO_VI"
"jobs-06","","1350350","消防士","しょうぼうし","viAlias","lính chữa cháy","1","0","0","0","1","1","100","0","0","0","1","1","100","-1350350:消防士:VI"
"jobs-06","","1350350","消防士","しょうぼうし","viAlias","nhân viên cứu hỏa","1","0","0","0","1","1","100","0","0","0","1","1","100","-1350350:消防士:VI"
"jobs-07","","1198480","会計士","かいけいし","vi","kế toán","1","0","0","0","1","1","100","0","0","0","1","1","100","-1198480:会計士:VI"
"jobs-07","","1198480","会計士","かいけいし","en","accountant","2","20","0","0","20","1","5","10","0","0","10","1","10","-1931450:会計係:NO_VI | -1198480:会計士:VI | -1198450:会計官:NO_VI | -1325340:主計:NO_VI | -1210770:勘定係:NO_VI | -1198430:会計:NO_VI | -1663790:帳付:NO_VI | -1430390:勅許:NO_VI | -1382200:税理士:NO_VI | -1252240:計理士:NO_VI"
"jobs-07","","1198480","会計士","かいけいし","viAlias","kế toán viên","1","0","0","0","1","1","100","0","0","0","1","1","100","-1198480:会計士:VI"
"jobs-08","","1486690","美容師","びようし","vi","thợ cắt tóc","1","0","0","0","1","1","100","0","0","0","1","1","100","-1486690:美容師:VI"
"jobs-08","","1486690","美容師","びようし","en","hairdresser","5","8","0","0","8","1","12.5","8","0","0","8","1","12.5","-1799280:床山:NO_VI | -1651930:髪結い:NO_VI | -2745480:理美容師:NO_VI | -1550150:理容師:NO_VI | -1486690:美容師:VI | -2784580:便所:NO_VI | -2585500:女髪結い:NO_VI | -2810810:セルフカラー:NO_VI"
"jobs-08","","1486690","美容師","びようし","viAlias","thợ làm tóc","1","0","0","0","1","1","100","0","0","0","1","1","100","-1486690:美容師:VI"
"jobs-08","","1486690","美容師","びようし","viAlias","thợ tạo mẫu tóc","1","0","0","0","1","1","100","0","0","0","1","1","100","-1486690:美容師:VI"
"jobs-08","","1486690","美容師","びようし","enAlias","hairstylist","1","0","0","0","1","1","100","0","0","0","1","1","100","-1486690:美容師:VI"
"jobs-09","","1644930","料理人","りょうりにん","vi","đầu bếp","1","0","0","0","1","1","100","0","0","0","1","1","100","-1644930:料理人:VI"
"jobs-09","","1644930","料理人","りょうりにん","en","cook","10","20","0","0","20","1","5","10","0","0","10","1","10","-2843794:料る:NO_VI | -1596830:炊く:NO_VI | -2589680:炊ぐ:NO_VI | -1655290:炊婦:NO_VI | -1043800:クック:NO_VI | -1050310:コック:NO_VI | -2651830:包丁人:NO_VI | -2651840:包丁師:NO_VI | -2651850:包丁者:NO_VI | -1644930:料理人:VI"
"jobs-09","","1644930","料理人","りょうりにん","viAlias","người nấu ăn","1","0","0","0","1","1","100","0","0","0","1","1","100","-1644930:料理人:VI"
"jobs-09","","1644930","料理人","りょうりにん","enAlias","chef","11","20","0","0","20","1","5","10","0","0","10","0","0","-2571540:厨人:NO_VI | -2571550:厨宰:NO_VI | -1481390:板前:NO_VI | -1060000:シェフ:NO_VI | -2804780:司厨士:NO_VI | -1717040:調理人:NO_VI | -1050310:コック:NO_VI | -2651830:包丁人:NO_VI | -2651840:包丁師:NO_VI | -2651850:包丁者:NO_VI"
"jobs-10","","1172870","運転手","うんてんしゅ","vi","tài xế","1","0","0","0","1","1","100","0","0","0","1","1","100","-1172870:運転手:VI"
"jobs-10","","1172870","運転手","うんてんしゅ","en","driver","2","20","0","0","20","1","5","10","0","0","10","1","10","-1172840:運転士:NO_VI | -1172870:運転手:VI | -1172860:運転者:NO_VI | -2095720:運ちゃん:NO_VI | -1088560:ドライバー:NO_VI | -1592080:御者:NO_VI | -2837898:敵車:NO_VI | -1718770:車夫:NO_VI | -1634510:馬子:NO_VI | -1674090:馬方:NO_VI"
"jobs-10","","1172870","運転手","うんてんしゅ","viAlias","người lái xe","1","0","0","0","1","1","100","0","0","0","1","1","100","-1172870:運転手:VI"
"jobs-11","","1198560","会社員","かいしゃいん","vi","nhân viên công ty","1","1","1","100","1","1","100","1","1","100","1","1","100","-1198560:会社員:VI"
"jobs-11","","1198560","会社員","かいしゃいん","en","office worker","5","20","1","5","20","1","5","10","1","10","10","1","10","-1885170:事務屋:NO_VI | -1240890:勤め人:NO_VI | -1140830:リーマン:NO_VI | -1057960:サラリーマン:NO_VI | -1198560:会社員:VI | -1314280:事務員:NO_VI | -1043840:クラーク:NO_VI | -2650590:事務職員:NO_VI | -1836310:腰弁:NO_VI | -2849287:ＢＧ:NO_VI"
"jobs-11","","1198560","会社員","かいしゃいん","enAlias","company employee","1","8","1","12.5","8","1","12.5","8","1","12.5","8","1","12.5","-1198560:会社員:VI | -1322670:社員:NO_VI | -1140830:リーマン:NO_VI | -1057960:サラリーマン:NO_VI | -2838050:商社マン:NO_VI | -2837569:在籍専従:NO_VI | -1960020:フレッシャー:NO_VI | -1112490:フレッシュマン:NO_VI"
"jobs-12","","1335610","獣医","じゅうい","vi","bác sĩ thú y","1","0","0","0","1","1","100","0","0","0","1","1","100","-1335610:獣医:VI"
"jobs-12","","1335610","獣医","じゅうい","en","veterinarian","1","4","0","0","4","1","25","4","0","0","4","1","25","-1335610:獣医:VI | -2095820:獣医師:NO_VI | -2843548:馬医:NO_VI | -2843563:馬医者:NO_VI"
"jobs-12","","1335610","獣医","じゅうい","enAlias","vet","2","20","0","0","20","2","10","10","0","0","10","2","20","-1200220:怪我:VI | -1335610:獣医:VI | -2095820:獣医師:NO_VI | -2036490:榎:NO_VI | -1585980:貪:NO_VI | -1436840:釘:NO_VI | -1956890:鋲:NO_VI | -1342850:初心:NO_VI | -1265410:古参:NO_VI | -1265520:古手:NO_VI"
"jobs-13","","1243500","銀行員","ぎんこういん","vi","nhân viên ngân hàng","1","0","0","0","1","1","100","0","0","0","1","1","100","-1243500:銀行員:VI"
"jobs-13","","1243500","銀行員","ぎんこういん","en","bank employee","1","1","0","0","1","1","100","1","0","0","1","1","100","-1243500:銀行員:VI"
"jobs-13","","1243500","銀行員","ぎんこういん","enAlias","bank clerk","2","2","0","0","2","1","50","2","0","0","2","1","50","-1281840:行員:NO_VI | -1243500:銀行員:VI"
"jobs-14","","1512850","弁護士","べんごし","vi","luật sư","1","0","0","0","1","1","100","0","0","0","1","1","100","-1512850:弁護士:VI"
"jobs-14","","1512850","弁護士","べんごし","en","lawyer","2","20","1","5","20","2","10","10","1","10","10","2","20","-2515610:法家:NO_VI | -1512850:弁護士:VI | -1805250:法律家:NO_VI | -2516240:法律学者:NO_VI | -1517360:法曹:NO_VI | -1411840:代言人:NO_VI | -1517250:法学者:NO_VI | -1387990:先生:VI | -1385390:接見:NO_VI | -2867323:町弁:NO_VI"
"jobs-14","","1512850","弁護士","べんごし","enAlias","attorney","6","20","0","0","20","1","5","10","0","0","10","1","10","-1411840:代言人:NO_VI | -1411820:代言:NO_VI | -1517360:法曹:NO_VI | -1412470:代理人:NO_VI | -1412460:代理者:NO_VI | -1512850:弁護士:VI | -1156190:委任状:NO_VI | -1513160:弁理士:NO_VI | -2853737:社労士:NO_VI | -1824240:全権委任:NO_VI"
"jobs-15","","1225110","技師","ぎし","vi","kỹ sư","1","0","0","0","1","1","100","0","0","0","1","1","100","-1225110:技師:VI"
"jobs-15","","1225110","技師","ぎし","en","engineer","1","20","0","0","20","1","5","10","0","0","10","1","10","-1225110:技師:VI | -1278030:工学者:NO_VI | -2162240:技術屋:NO_VI | -1225170:技術者:NO_VI | -1780230:機関士:NO_VI | -1030910:エンジニア:NO_VI | -2803520:専技:NO_VI | -1278240:工兵:NO_VI | -1225120:技手:NO_VI | -1634530:技監:NO_VI"
"jobs-15","","1225110","技師","ぎし","viAlias","kĩ sư","1","0","0","0","1","1","100","0","0","0","1","1","100","-1225110:技師:VI"
"jobs-16","","1257510","建築家","けんちくか","vi","kiến trúc sư","1","0","0","0","1","1","100","0","0","0","1","1","100","-1257510:建築家:VI"
"jobs-16","","1257510","建築家","けんちくか","en","architect","1","20","0","0","20","1","5","10","0","0","10","1","10","-1257510:建築家:VI | -1257440:建設者:NO_VI | -2430680:アーキテクト:NO_VI | -1714320:建築士:NO_VI | -2837525:一級建築士:NO_VI | -2837526:二級建築士:NO_VI | -2837527:木造建築士:NO_VI | -1896380:出:NO_VI | -2553490:蔀:NO_VI | -1434550:低層:NO_VI"
"jobs-17","","1313080","歯医者","はいしゃ","vi","nha sĩ","1","1","1","100","1","1","100","1","1","100","1","1","100","-1313080:歯医者:VI"
"jobs-17","","1313080","歯医者","はいしゃ","en","dentist","1","20","1","5","20","1","5","10","1","10","10","1","10","-1313080:歯医者:VI | -1313120:歯科医:NO_VI | -1313140:歯科医師:NO_VI | -2019290:国試:NO_VI | -1313250:歯学:NO_VI | -1313110:歯科:NO_VI | -2853607:舌側:NO_VI | -2832844:含み綿:NO_VI | -5740843:日歯連:NO_VI | -2860932:歯学部:NO_VI"
"jobs-18","","1538230","薬剤師","やくざいし","vi","dược sĩ","1","0","0","0","1","1","100","0","0","0","1","1","100","-1538230:薬剤師:VI"
"jobs-18","","1538230","薬剤師","やくざいし","en","pharmacist","1","6","0","0","6","1","16.67","6","0","0","6","1","16.67","-1538230:薬剤師:VI | -2858811:薬局生:NO_VI | -1538170:薬屋:NO_VI | -2872610:薬剤師会:NO_VI | -2825846:調剤薬局:NO_VI | -2852302:薬剤師法:NO_VI"
"jobs-19","","1470620","農家","のうか","vi","nông dân","1","0","0","0","1","1","100","0","0","0","1","1","100","-1470620:農家:VI"
"jobs-19","","1470620","農家","のうか","en","farmer","4","20","0","0","20","1","5","10","0","0","10","1","10","-1488250:百姓:NO_VI | -2614370:農人:NO_VI | -1470760:農夫:NO_VI | -1470620:農家:VI | -1470770:農民:NO_VI | -1702220:土百姓:NO_VI | -2858946:田吾作:NO_VI | -2037130:農場主:NO_VI | -2037120:農業家:NO_VI | -2094770:お百姓さん:NO_VI"
"jobs-20","","1233010","漁師","りょうし","vi","ngư dân","1","0","0","0","1","1","100","0","0","0","1","1","100","-1233010:漁師:VI"
"jobs-20","","1233010","漁師","りょうし","en","fisherman","3","20","0","0","20","1","5","10","0","0","10","1","10","-2828639:海人:NO_VI | -1233070:漁夫:NO_VI | -1233010:漁師:VI | -2094610:漁業者:NO_VI | -2094620:漁船員:NO_VI | -2616120:白水郎:NO_VI | -2094630:漁船乗組員:NO_VI | -2485020:フィッシャーマン:NO_VI | -2842668:海人:NO_VI | -2710750:フィッシャー:NO_VI"
"jobs-20","","1233010","漁師","りょうし","viAlias","người đánh cá","1","0","0","0","1","1","100","0","0","0","1","1","100","-1233010:漁師:VI"
"jobs-21","","1413690","大工","だいく","vi","thợ mộc","1","0","0","0","1","1","100","0","0","0","1","1","100","-1413690:大工:VI"
"jobs-21","","1413690","大工","だいく","en","carpenter","1","20","0","0","20","1","5","10","0","0","10","1","10","-1413690:大工:VI | -2857670:木匠:NO_VI | -1036590:カーペンター:NO_VI | -2850031:匠:NO_VI | -1346260:匠:NO_VI | -2863457:匠人:NO_VI | -1714260:建具屋:NO_VI | -2561490:木工師:NO_VI | -1641940:木工:NO_VI | -2863238:棟梁:NO_VI"
"jobs-22","","1440670","店員","てんいん","vi","nhân viên cửa hàng","1","1","1","100","1","1","100","1","1","100","1","1","100","-1440670:店員:VI"
"jobs-22","","1440670","店員","てんいん","en","shop assistant","1","5","1","20","5","1","20","5","1","20","5","1","20","-1440670:店員:VI | -1698470:手代:NO_VI | -1588520:売り子:NO_VI | -1440790:店番:NO_VI | -2721600:カリスマ店員:NO_VI"
"jobs-22","","1440670","店員","てんいん","enAlias","salesclerk","1","0","0","0","1","1","100","0","0","0","1","1","100","-1440670:店員:VI"
"jobs-23","","1193290","歌手","かしゅ","vi","ca sĩ","1","0","0","0","1","1","100","0","0","0","1","1","100","-1193290:歌手:VI"
"jobs-23","","1193290","歌手","かしゅ","en","singer","1","20","0","0","20","1","5","10","0","0","10","1","10","-1193290:歌手:VI | -1662010:歌い手:NO_VI | -1063390:シンガー:NO_VI | -2559920:ジンゲル:NO_VI | -2831910:歌うたい:NO_VI | -1123320:ボーカル:NO_VI | -2691300:唄方:NO_VI | -1931230:歌唱力:NO_VI | -1923040:アムラー:NO_VI | -2852758:人気歌手:NO_VI"
"jobs-24","","1471970","俳優","はいゆう","vi","diễn viên","1","0","0","0","1","1","100","0","0","0","1","1","100","-1471970:俳優:VI"
"jobs-24","","1471970","俳優","はいゆう","en","actor","1","20","0","0","20","2","10","10","0","0","10","1","10","-1471970:俳優:VI | -1538010:役者:NO_VI | -1420230:男優:NO_VI | -2591170:芝居者:NO_VI | -1015320:アクター:NO_VI | -2840124:ガチ恋:NO_VI | -2841343:リアコ:NO_VI | -2845772:リア恋:NO_VI | -1338300:出演者:NO_VI | -2252310:演技者:NO_VI"
"jobs-25","","1197120","画家","がか","vi","họa sĩ","1","0","0","0","1","1","100","0","0","0","1","1","100","-1197120:画家:VI"
"jobs-25","","1197120","画家","がか","en","painter","3","20","0","0","20","1","5","10","0","0","10","1","10","-1197310:画人:NO_VI | -1197270:画匠:NO_VI | -1197120:画家:VI | -1577370:画工:NO_VI | -1197250:画手:NO_VI | -1577380:絵師:NO_VI | -2055450:舫い:NO_VI | -1202350:絵かき:NO_VI | -2070890:ペンキ屋:NO_VI | -2865828:ペインター:NO_VI"
"jobs-25","","1197120","画家","がか","viAlias","hoạ sĩ","1","0","0","0","1","1","100","0","0","0","1","1","100","-1197120:画家:VI"
"jobs-26","","1297510","作家","さっか","vi","nhà văn","1","0","0","0","1","1","100","0","0","0","1","1","100","-1297510:作家:VI"
"jobs-26","","1297510","作家","さっか","en","writer","13","20","0","0","20","1","5","10","0","0","10","0","0","-1487830:筆者:NO_VI | -1319720:執筆者:NO_VI | -2833596:文章家:NO_VI | -1723440:文筆家:NO_VI | -2852044:書き人:NO_VI | -1701600:書き手:NO_VI | -2013020:物書き:NO_VI | -1700960:著作家:NO_VI | -1700940:著作者:NO_VI | -1427130:著述家:NO_VI"
"jobs-26","","1297510","作家","さっか","enAlias","author","1","20","0","0","20","2","10","10","0","0","10","1","10","-1297510:作家:VI | -1824290:撰者:NO_VI | -1427110:著者:NO_VI | -1262140:原著者:NO_VI | -2458830:オーサー:NO_VI | -1297710:作者:NO_VI | -1487830:筆者:NO_VI | -1297780:作成者:NO_VI | -1398440:創作者:NO_VI | -2853265:命名者:NO_VI"
"jobs-27","","1223250","記者","きしゃ","vi","phóng viên","1","0","0","0","1","1","100","0","0","0","1","1","100","-1223250:記者:VI"
"jobs-27","","1223250","記者","きしゃ","en","journalist","3","20","0","0","20","1","5","10","0","0","10","1","10","-1064980:ジャーナリスト:NO_VI | -1418400:探訪:NO_VI | -1223250:記者:VI | -2853542:報道記者:NO_VI | -2837646:無冠の帝王:NO_VI | -2135950:記者証:NO_VI | -2834682:トップ屋:NO_VI | -2847834:市民記者:NO_VI | -1362370:新聞記者:NO_VI | -2840894:芸能記者:NO_VI"
"jobs-27","","1223250","記者","きしゃ","enAlias","reporter","1","20","0","0","20","1","5","10","0","0","10","1","10","-1223250:記者:VI | -2855687:取材者:NO_VI | -1515680:報告者:NO_VI | -2558490:報道人:NO_VI | -1145980:リポーター:NO_VI | -2856949:報告官:NO_VI | -2861251:申告者:NO_VI | -1433350:通信員:NO_VI | -1017330:アナウンサー:NO_VI | -1280640:硬派:NO_VI"
"jobs-28","","1523430","翻訳者","ほんやくしゃ","vi","biên dịch viên","1","0","0","0","1","1","100","0","0","0","1","1","100","-1523430:翻訳者:VI"
"jobs-28","","1523430","翻訳者","ほんやくしゃ","en","translator","4","18","0","0","18","1","5.56","10","0","0","10","1","10","-1538370:訳者:NO_VI | -1523410:翻訳家:NO_VI | -2849653:翻訳機:NO_VI | -1523430:翻訳者:VI | -1086380:トランスレータ:NO_VI | -2389420:翻訳プログラム:NO_VI | -1538390:訳注:NO_VI | -1695900:中継局:NO_VI | -1933300:共訳者:NO_VI | -1596490:添える:NO_VI"
"jobs-29","","1433560","通訳","つうやく","vi","phiên dịch","1","0","0","0","1","1","100","0","0","0","1","1","100","-1433560:通訳:VI"
"jobs-29","","1433560","通訳","つうやく","en","interpreter","9","20","0","0","20","1","5","10","0","0","10","1","10","-2005530:通事:NO_VI | -1960240:通訳人:NO_VI | -2842198:通訳士:NO_VI | -1960230:通訳者:NO_VI | -2369890:穿孔翻訳機:NO_VI | -1023160:インタープリター:NO_VI | -2344890:解釈実行プログラム:NO_VI | -1854700:通弁:NO_VI | -1433560:通訳:VI | -1512960:弁士:NO_VI"
"school-01","","1206730","学校","がっこう","vi","trường học","1","1","1","100","1","1","100","1","1","100","1","1","100","-1206730:学校:VI"
"school-01","","1206730","学校","がっこう","en","school","1","20","1","5","20","1","5","10","1","10","10","1","10","-1206730:学校:VI | -2259610:校:NO_VI | -1207040:学派:NO_VI | -1761260:学窓:NO_VI | -2866644:学群:NO_VI | -1206790:学舎:NO_VI | -2254190:庠序:NO_VI | -2803450:御校:NO_VI | -1552520:流派:NO_VI | -2725930:貴校:NO_VI"
"school-02","","1413240","大学","だいがく","vi","đại học","1","1","1","100","1","1","100","1","1","100","1","1","100","-1413240:大学:VI"
"school-02","","1413240","大学","だいがく","en","university","1","20","2","10","20","2","10","10","2","20","10","2","20","-1413240:大学:VI | -1720310:新制大学:NO_VI | -1708350:総合大学:NO_VI | -1137350:ユニバーシティー:NO_VI | -2196460:進路相談:NO_VI | -2082450:大:NO_VI | -1206900:学生:VI | -2836795:浪:NO_VI | -1192680:科:NO_VI | -1473340:倍率:NO_VI"
"school-03","","1283500","高校","こうこう","vi","trường cấp ba","1","0","0","0","1","1","100","0","0","0","1","1","100","-1283500:高校:VI"
"school-03","","1283500","高校","こうこう","en","high school","3","20","0","0","20","1","5","10","0","0","10","1","10","-1720320:新制高校:NO_VI | -1095120:ハイスクール:NO_VI | -1283500:高校:VI | -1283860:高等学校:NO_VI | -2183260:高:NO_VI | -1620400:中:NO_VI | -2836795:浪:NO_VI | -1653270:中卒:NO_VI | -1423640:中学:NO_VI | -1984240:中高:NO_VI"
"school-03","","1283500","高校","こうこう","viAlias","trường trung học phổ thông","1","0","0","0","1","1","100","0","0","0","1","1","100","-1283500:高校:VI"
"school-04","","1423650","中学校","ちゅうがっこう","vi","trường cấp hai","1","0","0","0","1","1","100","0","0","0","1","1","100","-1423650:中学校:VI"
"school-04","","1423650","中学校","ちゅうがっこう","en","junior high school","2","20","0","0","20","1","5","10","0","0","10","1","10","-1423640:中学:NO_VI | -1423650:中学校:VI | -1720330:新制中学:NO_VI | -1066080:ジュニアハイスクール:NO_VI | -2783070:中等部:NO_VI | -1620400:中:NO_VI | -1653270:中卒:NO_VI | -2861712:中受:NO_VI | -2128530:中１:NO_VI | -1893700:中２:NO_VI"
"school-04","","1423650","中学校","ちゅうがっこう","viAlias","trường trung học cơ sở","1","0","0","0","1","1","100","0","0","0","1","1","100","-1423650:中学校:VI"
"school-05","","1347870","小学校","しょうがっこう","vi","trường tiểu học","1","0","0","0","1","1","100","0","0","0","1","1","100","-1347870:小学校:VI"
"school-05","","1347870","小学校","しょうがっこう","en","elementary school","7","20","0","0","20","1","5","10","0","0","10","1","10","-1347850:小学:NO_VI | -2871240:初等部:NO_VI | -2783080:小学部:NO_VI | -1746210:国民学校:NO_VI | -2830420:尋常小学校:NO_VI | -2864313:エレメンタリースクール:NO_VI | -1347870:小学校:VI | -2083540:小:NO_VI | -1369960:尋常:NO_VI | -1898280:同小:NO_VI"
"school-05","","1347870","小学校","しょうがっこう","enAlias","primary school","1","16","0","0","16","2","12.5","10","0","0","10","1","10","-1347870:小学校:VI | -2493570:プライマリースクール:NO_VI | -1347850:小学:NO_VI | -2871240:初等部:NO_VI | -2783080:小学部:NO_VI | -2830420:尋常小学校:NO_VI | -1369960:尋常:NO_VI | -2638490:中学年:NO_VI | -1434310:低学年:NO_VI | -2871224:初等生:NO_VI"
"school-06","","1545260","幼稚園","ようちえん","vi","trường mẫu giáo","1","0","0","0","1","1","100","0","0","0","1","1","100","-1545260:幼稚園:VI"
"school-06","","1545260","幼稚園","ようちえん","en","kindergarten","1","20","0","0","20","1","5","10","0","0","10","1","10","-1545260:幼稚園:VI | -2864921:キンダーガーテン:NO_VI | -2856738:お遊戯会:NO_VI | -2854424:園:NO_VI | -2774330:保活:NO_VI | -1465750:入園:NO_VI | -2136550:卒園:NO_VI | -1176270:園児:NO_VI | -1613610:園内:NO_VI | -2683190:園庭:NO_VI"
"school-07","","1206900","学生","がくせい","vi","sinh viên","1","1","1","100","1","1","100","1","1","100","1","1","100","-1206900:学生:VI"
"school-07","","1206900","学生","がくせい","en","student","1","20","1","5","20","2","10","10","1","10","10","2","20","-1206900:学生:VI | -1207000:学徒:NO_VI | -1344080:書生:NO_VI | -1948790:練習生:NO_VI | -2868273:被教育者:NO_VI | -2506180:スチューデント:NO_VI | -1206670:学究:NO_VI | -1379380:生徒:VI | -1724640:門人:NO_VI | -2632790:門生:NO_VI"
"school-08","","1379380","生徒","せいと","vi","học sinh","2","1","1","100","2","2","100","1","1","100","2","2","100","-1206900:学生:VI | -1379380:生徒:VI"
"school-08","","1379380","生徒","せいと","en","pupil","3","20","0","0","20","1","5","10","0","0","10","1","10","-1453900:瞳:NO_VI | -1581960:弟子:NO_VI | -1379380:生徒:VI | -1569840:眸子:NO_VI | -1898250:瞳子:NO_VI | -1453910:瞳孔:NO_VI | -1724640:門人:NO_VI | -2632790:門生:NO_VI | -1536140:門下生:NO_VI | -1207010:学童:NO_VI"
"school-09","","1330290","授業","じゅぎょう","vi","tiết học","1","0","0","0","1","1","100","0","0","0","1","1","100","-1330290:授業:VI"
"school-09","","1330290","授業","じゅぎょう","en","class","17","20","0","0","20","1","5","10","0","0","10","0","0","-1582305:等:NO_VI | -1397450:組:NO_VI | -2179140:綱:NO_VI | -1206680:学級:NO_VI | -1499570:部類:NO_VI | -1203080:階層:NO_VI | -1203040:階級:NO_VI | -1044070:クラス:NO_VI | -1834190:講習会:NO_VI | -2867846:並び称する:NO_VI"
"school-09","","1330290","授業","じゅぎょう","viAlias","giờ học","1","0","0","0","1","1","100","0","0","0","1","1","100","-1330290:授業:VI"
"school-10","","1237150","教室","きょうしつ","vi","phòng học","1","0","0","0","1","1","100","0","0","0","1","1","100","-1237150:教室:VI"
"school-10","","1237150","教室","きょうしつ","en","classroom","2","20","0","0","20","1","5","10","0","0","10","1","10","-1761740:教場:NO_VI | -1237150:教室:VI | -2460780:クラスルーム:NO_VI | -1417300:単級:NO_VI | -2140780:座学:NO_VI | -1503380:分教場:NO_VI | -2692020:学級会:NO_VI | -2864002:理科室:NO_VI | -2402070:ＡＬＴ:NO_VI | -1417490:単式学級:NO_VI"
"school-11","","1370420","図書館","としょかん","vi","thư viện","1","0","0","0","1","1","100","0","0","0","1","1","100","-1370420:図書館:VI"
"school-11","","1370420","図書館","としょかん","en","library","4","20","0","0","20","1","5","10","0","0","10","1","10","-1505340:文庫:NO_VI | -1344020:書庫:NO_VI | -1370440:図書室:NO_VI | -1370420:図書館:VI | -2221240:書籍館:NO_VI | -1138310:ライブラリー:NO_VI | -1399040:叢書:NO_VI | -2854567:文房:NO_VI | -1344160:書房:NO_VI | -1344030:書斎:NO_VI"
"school-12","","1237020","教科書","きょうかしょ","vi","sách giáo khoa","1","0","0","0","1","1","100","0","0","0","1","1","100","-1237020:教科書:VI"
"school-12","","1237020","教科書","きょうかしょ","en","textbook","2","20","0","0","20","1","5","10","0","0","10","1","10","-1237340:教本:NO_VI | -1237020:教科書:VI | -2521680:教科用図書:NO_VI | -1079310:テキストブック:NO_VI | -1761750:教程:NO_VI | -1237200:教書:NO_VI | -1582400:読本:NO_VI | -1079290:テキスト:NO_VI | -1665630:官版:NO_VI | -1361890:新字:NO_VI"
"school-13","","1093450","ノート","ノート","vi","vở","1","0","0","0","1","1","100","0","0","0","1","1","100","-1093450:ノート:VI"
"school-13","","1093450","ノート","ノート","en","notebook","4","20","0","0","20","2","10","10","0","0","10","1","10","-1427580:帳面:NO_VI | -2734800:手冊:NO_VI | -1598330:手帳:NO_VI | -1093450:ノート:VI | -1485760:備忘録:NO_VI | -1676310:控え帳:NO_VI | -1629080:筆記帳:NO_VI | -1299330:雑記帳:NO_VI | -1057380:サブノート:NO_VI | -2203090:ノートブック:NO_VI"
"school-13","","1093450","ノート","ノート","viAlias","tập ghi chép","1","0","0","0","1","1","100","0","0","0","1","1","100","-1093450:ノート:VI"
"school-14","","1178590","鉛筆","えんぴつ","vi","bút chì","1","0","0","0","1","1","100","0","0","0","1","1","100","-1178590:鉛筆:VI"
"school-14","","1178590","鉛筆","えんぴつ","en","pencil","1","20","0","0","20","1","5","10","0","0","10","1","10","-1178590:鉛筆:VI | -2521450:光線束:NO_VI | -2471940:ペンシル:NO_VI | -1719910:光束:NO_VI | -1620380:中細:NO_VI | -2826742:擦筆:NO_VI | -1604210:眉墨:NO_VI | -1703260:石筆:NO_VI | -1810700:硬筆:NO_VI | -1487890:筆箱:NO_VI"
"school-15","","1121380","ペン","ペン","vi","bút","1","1","1","100","2","2","100","1","1","100","2","2","100","-1121380:ペン:VI | -1178590:鉛筆:VI"
"school-15","","1121380","ペン","ペン","en","pen","2","20","1","5","20","2","10","10","1","10","10","2","20","-5000059:ＰＥＮ:NO_VI | -1121380:ペン:VI | -1906270:筆を執る:NO_VI | -1343950:書く:VI | -1568410:檻:NO_VI | -1487770:筆:NO_VI | -1155950:囲い:NO_VI | -1347830:小屋:NO_VI | -2402930:ムショ:NO_VI | -2078590:軒:NO_VI"
"school-16","","1350080","消しゴム","けしゴム","vi","tẩy","1","0","0","0","2","2","100","0","0","0","2","2","100","-1350080:消しゴム:VI | -1390950:洗剤:VI"
"school-16","","1350080","消しゴム","けしゴム","en","eraser","2","20","0","0","20","1","5","10","0","0","10","1","10","-2848407:字消し:NO_VI | -1350080:消しゴム:VI | -1022060:イレーザー:NO_VI | -2827623:拭き:NO_VI | -1054570:護謨:NO_VI | -2852549:字消し板:NO_VI | -2702820:消しカス:NO_VI | -2702830:消しクズ:NO_VI | -2742250:練り消し:NO_VI | -1288090:黒板拭き:NO_VI"
"school-16","","1350080","消しゴム","けしゴム","viAlias","cục tẩy","1","0","0","0","1","1","100","0","0","0","1","1","100","-1350080:消しゴム:VI"
"school-16","","1350080","消しゴム","けしゴム","viAlias","gôm","1","0","0","0","1","1","100","0","0","0","1","1","100","-1350080:消しゴム:VI"
"school-17","","1435520","定規","じょうぎ","vi","thước kẻ","1","0","0","0","1","1","100","0","0","0","1","1","100","-1435520:定規:VI"
"school-17","","1435520","定規","じょうぎ","en","ruler","2","20","0","0","20","1","5","10","0","0","10","1","10","-2711180:尺:NO_VI | -1435520:定規:VI | -1733100:治者:NO_VI | -1502530:物差し:NO_VI | -1143890:ルーラー:NO_VI | -1629200:王:NO_VI | -1573580:辟:NO_VI | -1367110:人君:NO_VI | -1260870:元首:NO_VI | -1247290:君主:NO_VI"
"school-18","","1288080","黒板","こくばん","vi","bảng đen","1","0","0","0","1","1","100","0","0","0","1","1","100","-1288080:黒板:VI"
"school-18","","1288080","黒板","こくばん","en","blackboard","2","8","0","0","8","1","12.5","8","0","0","8","1","12.5","-2612580:塗板:NO_VI | -1288080:黒板:VI | -2869645:ボールド:NO_VI | -2479280:ブラックボード:NO_VI | -1732720:板書:NO_VI | -1343800:書き出す:NO_VI | -1288090:黒板拭き:NO_VI | -2719760:黒板消し:NO_VI"
"school-19","","1078240","チョーク","チョーク","vi","phấn viết bảng","1","0","0","0","1","1","100","0","0","0","1","1","100","-1078240:チョーク:VI"
"school-19","","1078240","チョーク","チョーク","en","chalk","3","13","0","0","13","1","7.69","10","0","0","10","1","10","-1474960:白亜:NO_VI | -1475380:白墨:NO_VI | -1078240:チョーク:VI | -2158590:胡粉:NO_VI | -1927070:チャコ:NO_VI | -1255440:月とスッポン:NO_VI | -2419680:糞も味噌も一緒:NO_VI | -2480680:チョークストライプ:NO_VI | -2866347:白亜化:NO_VI | -1474980:白亜質:NO_VI"
"school-20","","1312350","試験","しけん","vi","kỳ thi","1","0","0","0","1","1","100","0","0","0","1","1","100","-1312350:試験:VI"
"school-20","","1312350","試験","しけん","en","examination","2","20","0","0","20","1","5","10","0","0","10","1","10","-1281140:考査:NO_VI | -1312350:試験:VI | -2484460:エグザミネーション:NO_VI | -2842984:試:NO_VI | -1360460:審問:NO_VI | -1360380:審査:NO_VI | -1369980:尋問:NO_VI | -2752220:推問:NO_VI | -1291420:査閲:NO_VI | -1617840:検分:NO_VI"
"school-20","","1312350","試験","しけん","viAlias","kì thi","1","0","0","0","1","1","100","0","0","0","1","1","100","-1312350:試験:VI"
"school-20","","1312350","試験","しけん","enAlias","exam","3","20","0","0","20","1","5","10","0","0","10","1","10","-2842984:試:NO_VI | -2765290:考試:NO_VI | -1312350:試験:VI | -1079760:テスト:NO_VI | -2860419:テ対:NO_VI | -2861712:中受:NO_VI | -2853888:作問:NO_VI | -1912410:模試:NO_VI | -1449550:答案:NO_VI | -1828980:赤本:NO_VI"
"school-21","","1337270","宿題","しゅくだい","vi","bài tập về nhà","1","0","0","0","1","1","100","0","0","0","1","1","100","-1337270:宿題:VI"
"school-21","","1337270","宿題","しゅくだい","en","homework","1","9","0","0","9","1","11.11","9","0","0","9","1","11.11","-1337270:宿題:VI | -1122120:ホームワーク:NO_VI | -2566560:机に向かう:NO_VI | -1195820:課題:NO_VI | -2848118:提出日:NO_VI | -2832315:夏休みの友:NO_VI | -2701870:答え合わせ:NO_VI | -1458540:内職:NO_VI | -2859726:内職者:NO_VI"
"school-22","","1375760","成績","せいせき","vi","kết quả học tập","1","0","0","0","1","1","100","0","0","0","1","1","100","-1375760:成績:VI"
"school-22","","1375760","成績","せいせき","en","grades","1","20","0","0","20","1","5","10","0","0","10","1","10","-1375760:成績:VI | -2084840:年:NO_VI | -1340430:出来:NO_VI | -1709330:数等:NO_VI | -1419960:段差:NO_VI | -2638490:中学年:NO_VI | -2783070:中等部:NO_VI | -1434310:低学年:NO_VI | -1611480:偏差値:NO_VI | -1458570:内申書:NO_VI"
"school-23","","1405890","卒業","そつぎょう","vi","tốt nghiệp","1","0","0","0","1","1","100","0","0","0","1","1","100","-1405890:卒業:VI"
"school-23","","1405890","卒業","そつぎょう","en","graduation","1","20","1","5","20","2","10","10","1","10","10","2","20","-1405890:卒業:VI | -2779810:分画:NO_VI | -1604890:目:VI | -2259940:卒:NO_VI | -2871251:卒パ:NO_VI | -2531190:卒制:NO_VI | -2843498:卒展:NO_VI | -2765540:卒後:NO_VI | -2849873:卒研:NO_VI | -1405990:卒論:NO_VI"
"school-24","","1465850","入学","にゅうがく","vi","nhập học","1","0","0","0","1","1","100","0","0","0","1","1","100","-1465850:入学:VI"
"school-24","","1465850","入学","にゅうがく","en","school admission","1","1","0","0","2","1","50","1","0","0","2","1","50","-1465850:入学:VI | -2847339:入学枠:NO_VI"
"school-25","","1372980","数学","すうがく","vi","toán học","1","0","0","0","1","1","100","0","0","0","1","1","100","-1372980:数学:VI"
"school-25","","1372980","数学","すうがく","en","mathematics","1","20","0","0","20","1","5","10","0","0","10","1","10","-1372980:数学:VI | -1373300:数理:NO_VI | -2110980:和算:NO_VI | -2735100:数検:NO_VI | -2626340:数育:NO_VI | -1795850:理数:NO_VI | -2577290:和算家:NO_VI | -5421464:塵劫記:NO_VI | -2187180:工巧明:NO_VI | -1861080:英数国:NO_VI"
"school-25","","1372980","数学","すうがく","enAlias","math","1","20","0","0","20","1","5","10","0","0","10","1","10","-1372980:数学:VI | -2187140:五明:NO_VI | -1544470:余波:NO_VI | -1273820:公式:NO_VI | -2110980:和算:NO_VI | -2735100:数検:NO_VI | -1373300:数理:NO_VI | -2626340:数育:NO_VI | -1952970:数表:NO_VI | -1795850:理数:NO_VI"
"school-26","","1558050","歴史","れきし","vi","lịch sử","1","0","0","0","1","1","100","0","0","0","1","1","100","-1558050:歴史:VI"
"school-26","","1558050","歴史","れきし","en","history","4","20","0","0","20","1","5","10","0","0","10","1","10","-2080900:史:NO_VI | -1306890:史乗:NO_VI | -1548340:来歴:NO_VI | -1558050:歴史:VI | -2826919:汗青:NO_VI | -1176730:沿革:NO_VI | -1541780:由緒:NO_VI | -1893100:竹帛:NO_VI | -1750030:青史:NO_VI | -1558090:歴史学:NO_VI"
"school-27","","1192700","科学","かがく","vi","khoa học","1","0","0","0","1","1","100","0","0","0","1","1","100","-1192700:科学:VI"
"school-27","","1192700","科学","かがく","en","science","4","19","0","0","19","1","5.26","10","0","0","10","1","10","-1206870:学術:NO_VI | -1549920:理学:NO_VI | -1549900:理科:NO_VI | -1192700:科学:VI | -2864344:ＳＴＥＭ:NO_VI | -1055410:サイエンス:NO_VI | -1207130:学問:NO_VI | -1224420:偽学:NO_VI | -1506290:兵学:NO_VI | -1506490:兵書:NO_VI"
"school-28","","1409200","体育","たいいく","vi","thể dục","1","0","0","0","1","1","100","0","0","0","1","1","100","-1409200:体育:VI"
"school-28","","1409200","体育","たいいく","en","physical education","1","14","0","0","14","1","7.14","10","0","0","10","1","10","-1409200:体育:VI | -1409580:体操:NO_VI | -2395110:保体:NO_VI | -5486124:体育局:NO_VI | -2115090:持久走:NO_VI | -2861168:体育学部:NO_VI | -2857336:体育教師:NO_VI | -1748100:保健体育:NO_VI | -5489055:大学体育協会:NO_VI | -5582819:日本体育学会:NO_VI"
"school-29","","1318970","辞書","じしょ","vi","từ điển","1","0","0","0","1","1","100","0","0","0","1","1","100","-1318970:辞書:VI"
"school-29","","1318970","辞書","じしょ","en","dictionary","3","20","1","5","20","2","10","10","1","10","10","2","20","-1315140:字引:NO_VI | -1595270:辞典:NO_VI | -1318970:辞書:VI | -1635140:辞林:NO_VI | -2855054:ことば典:NO_VI | -1081620:ディクショナリ:NO_VI | -1733720:辞彙:NO_VI | -1651060:字書:NO_VI | -1144780:レキシコン:NO_VI | -1157170:する:VI"
"body-health-01","","1582310","頭","あたま","vi","đầu","1","1","1","100","4","4","100","1","1","100","4","4","100","-1582310:頭:VI | -1487320:膝:VI | -1450890:頭痛:VI | -1644930:料理人:VI"
"body-health-01","","1582310","頭","あたま","en","head","1","20","1","5","20","1","5","10","1","10","10","1","10","-1582310:頭:VI | -2427550:主:NO_VI | -1324960:主:NO_VI | -2647190:長:NO_VI | -1429740:長:NO_VI | -2856438:頭:NO_VI | -2791510:頭:NO_VI | -2843246:頭:NO_VI | -2856440:頭:NO_VI | -2856439:頭:NO_VI"
"body-health-02","","1217730","顔","かお","vi","mặt","1","0","0","0","3","3","100","0","0","0","3","3","100","-1217730:顔:VI | -1255430:月:VI | -1408370:太陽:VI"
"body-health-02","","1217730","顔","かお","en","face","4","20","0","0","20","1","5","10","0","0","10","1","10","-1584680:面:NO_VI | -1584690:面:NO_VI | -1584695:面:NO_VI | -1217730:顔:VI | -1862130:お顔:NO_VI | -1384960:切羽:NO_VI | -1256740:券面:NO_VI | -2410190:対す:NO_VI | -1597110:建前:NO_VI | -2871995:彦頁:NO_VI"
"body-health-03","","1604890","目","め","vi","mắt","1","2","2","100","2","2","100","2","2","100","2","2","100","-1604890:目:VI | -1577670:メガネ:VI"
"body-health-03","","1604890","目","め","en","eye","1","20","2","10","20","2","10","10","2","20","10","2","20","-1604890:目:VI | -2842931:眼:NO_VI | -2662230:眼:NO_VI | -2267210:お目:NO_VI | -1980120:アイ:NO_VI | -2844437:目んめ:NO_VI | -1259290:見る:VI | -2207630:明:NO_VI | -2537130:眇:NO_VI | -2843783:眇:NO_VI"
"body-health-04","","1317170","耳","みみ","vi","tai","1","19","2","10.53","20","9","45","10","2","20","10","9","90","-1317170:耳:VI | -1288850:今:VI | -1296400:ある:VI | -1243490:銀行:VI | -2870156:地天泰:NO_VI | -1172870:運転手:VI | -1021880:イヤホン:VI | -1085760:トラック:VI | -1016710:アップロード:VI | -1077010:ダウンロード:VI"
"body-health-04","","1317170","耳","みみ","en","ear","2","20","0","0","20","1","5","10","0","0","10","1","10","-1514780:穂:NO_VI | -1317170:耳:VI | -2187380:イヤ:NO_VI | -1885050:耳鼻咽喉:NO_VI | -1317300:耳鼻咽喉専門医:NO_VI | -1317310:耳鼻科:NO_VI | -1317290:耳鼻咽喉科:NO_VI | -2577320:粃:NO_VI | -2153670:蔓:NO_VI | -1424430:中耳:NO_VI"
"body-health-05","","1486720","鼻","はな","vi","mũi","1","0","0","0","1","1","100","0","0","0","1","1","100","-1486720:鼻:VI"
"body-health-05","","1486720","鼻","はな","en","nose","1","20","0","0","20","1","5","10","0","0","10","1","10","-1486720:鼻:VI | -1220990:機首:NO_VI | -2187370:ノーズ:NO_VI | -1317310:耳鼻科:NO_VI | -1885050:耳鼻咽喉:NO_VI | -1487000:鼻根:NO_VI | -2542140:劓:NO_VI | -1348690:小鼻:NO_VI | -1317280:耳鼻:NO_VI | -1487070:鼻先:NO_VI"
"body-health-06","","1275640","口","くち","vi","miệng","1","1","1","100","1","1","100","1","1","100","1","1","100","-1275640:口:VI"
"body-health-06","","1275640","口","くち","en","mouth","1","20","2","10","20","2","10","10","2","20","10","2","20","-1275640:口:VI | -2271620:口:NO_VI | -1276040:口元:NO_VI | -2863111:マウス:NO_VI | -1678070:口付き:NO_VI | -1582820:入口:VI | -1578650:口腔:NO_VI | -1276500:口先:NO_VI | -1276880:口吻:NO_VI | -1775510:落ち口:NO_VI"
"body-health-07","","1313000","歯","は","vi","răng","1","1","1","100","4","4","100","1","1","100","4","4","100","-1313000:歯:VI | -1313070:歯ブラシ:VI | -1770210:歯磨き粉:VI | -1255430:月:VI"
"body-health-07","","1313000","歯","は","en","tooth","1","20","2","10","20","2","10","10","2","20","10","2","20","-1313000:歯:VI | -2842986:歯:NO_VI | -2842947:牙:NO_VI | -2743900:歯骨:NO_VI | -1919790:トゥース:NO_VI | -1604890:目:VI | -1465140:乳歯:NO_VI | -1187480:仮歯:NO_VI | -1339120:出歯:NO_VI | -1179520:奥歯:NO_VI"
"body-health-07","","1313000","歯","は","enAlias","teeth","3","20","1","5","20","1","5","10","1","10","10","1","10","-1313190:歯牙:NO_VI | -2825973:鑢目:NO_VI | -1313000:歯:VI | -1353300:上歯:NO_VI | -1185160:下歯:NO_VI | -1465140:乳歯:NO_VI | -1578380:元服:NO_VI | -1385030:切歯:NO_VI | -2836039:唇歯:NO_VI | -2831523:換歯:NO_VI"
"body-health-08","","1387010","舌","した","vi","lưỡi","1","0","0","0","1","1","100","0","0","0","1","1","100","-1387010:舌:VI"
"body-health-08","","1387010","舌","した","en","tongue","1","20","0","0","20","1","5","10","0","0","10","1","10","-1387010:舌:VI | -1076480:タン:NO_VI | -1120180:ベロ:NO_VI | -2676650:舌革:NO_VI | -1512710:弁:NO_VI | -2216570:実:NO_VI | -1461650:二言:NO_VI | -1276170:口才:NO_VI | -1573760:噤む:NO_VI | -1286370:国語:NO_VI"
"body-health-09","","1477950","髪","かみ","vi","tóc","1","0","0","0","3","3","100","0","0","0","3","3","100","-1477950:髪:VI | -1486690:美容師:VI | -1486680:美容院:VI"
"body-health-09","","1477950","髪","かみ","en","hair","2","20","1","5","20","2","10","10","0","0","10","1","10","-1533820:毛:NO_VI | -1477950:髪:VI | -2843553:髪:NO_VI | -1118100:ヘア:NO_VI | -1165750:一髪:NO_VI | -2537300:御髪:NO_VI | -1809960:毛筋:NO_VI | -1641910:毛茸:NO_VI | -1533910:毛髪:NO_VI | -1450910:頭髪:NO_VI"
"body-health-10","","1592270","首","くび","vi","cổ","1","1","1","100","3","3","100","1","1","100","3","3","100","-1592270:首:VI | -1129210:マフラー:VI | 100:古い:VI"
"body-health-10","","1592270","首","くび","en","neck","1","20","0","0","20","1","5","10","0","0","10","1","10","-1592270:首:VI | -2871660:喉首:NO_VI | -1242010:襟元:NO_VI | -1592580:頸部:NO_VI | -1092970:ネック:NO_VI | -1588750:襟:NO_VI | -1875930:項領:NO_VI | -1000840:いちゃつく:NO_VI | -1214060:竿:NO_VI | -1217580:雁首:NO_VI"
"body-health-11","","1258950","肩","かた","vi","vai","1","20","1","5","20","2","10","10","1","10","10","2","20","-1258950:肩:VI | -1275640:口:VI | -1615140:徒:NO_VI | -2681740:徒:NO_VI | -1577280:暇:NO_VI | -1544150:余財:NO_VI | -1512560:便船:NO_VI | -1273370:公開:NO_VI | -1191230:可用:NO_VI | -1414730:大日:NO_VI"
"body-health-11","","1258950","肩","かた","en","shoulder","1","20","0","0","20","1","5","10","0","0","10","1","10","-1258950:肩:VI | -1418140:担ぐ:NO_VI | -1259070:肩先:NO_VI | -1259100:肩部:NO_VI | -1560030:路肩:NO_VI | -1062860:ショルダー:NO_VI | -1571260:舁き上げる:NO_VI | -2056370:縁:NO_VI | -1599900:担う:NO_VI | -1497930:負う:NO_VI"
"body-health-12","","1562850","腕","うで","vi","cánh tay","1","0","0","0","1","1","100","0","0","0","1","1","100","-1562850:腕:VI"
"body-health-12","","1562850","腕","うで","en","arm","1","20","2","10","20","3","15","10","2","20","10","3","30","-1562850:腕:VI | -2139850:腕:NO_VI | -1013790:アーム:NO_VI | -1327190:手:VI | -1404630:足:VI | -2256560:お手:NO_VI | -1806840:外装:NO_VI | -2768180:テンプル:NO_VI | -1007810:ちょっかい:NO_VI | -2262120:攣:NO_VI"
"body-health-13","","1327190","手","て","vi","bàn tay","1","1","1","100","1","1","100","1","1","100","1","1","100","-1327190:手:VI"
"body-health-13","","1327190","手","て","en","hand","1","20","3","15","20","3","15","10","1","10","10","1","10","-1327190:手:VI | -2256560:お手:NO_VI | -2662920:手々:NO_VI | -2080240:お手手:NO_VI | -2862168:てって:NO_VI | -1096720:ハンド:NO_VI | -1328210:手渡す:NO_VI | -2106040:手足口病:NO_VI | -1674820:工手:NO_VI | -1309840:指針:NO_VI"
"body-health-14","","1309650","指","ゆび","vi","ngón tay","1","0","0","0","1","1","100","0","0","0","1","1","100","-1309650:指:VI"
"body-health-14","","1309650","指","ゆび","en","finger","1","20","0","0","20","1","5","10","0","0","10","1","10","-1309650:指:VI | -1560700:弄る:NO_VI | -1327710:手指:NO_VI | -2587730:一本指:NO_VI | -2007290:弄くる:NO_VI | -1327260:手の指:NO_VI | -1661920:爪繰る:NO_VI | -1109430:フィンガー:NO_VI | -2849632:弄う:NO_VI | -1309890:指先:NO_VI"
"body-health-15","","1404630","足","あし","vi","chân","1","2","2","100","2","2","100","2","2","100","2","2","100","-1404630:足:VI | 79:写真:VI"
"body-health-15","","1404630","足","あし","en","foot","1","20","1","5","20","1","5","10","1","10","10","1","10","-1404630:足:VI | -1611440:麓:NO_VI | -1170940:韻脚:NO_VI | -2018090:あんよ:NO_VI | -2018840:おみ足:NO_VI | -2485250:フット:NO_VI | -2463540:フート:NO_VI | -1108820:呎:NO_VI | -1185195:下手:NO_VI | -1226870:脚部:NO_VI"
"body-health-15","","1404630","足","あし","enAlias","leg","7","20","1","5","20","1","5","10","1","10","10","1","10","-2841228:レグ:NO_VI | -1226870:脚部:NO_VI | -1811340:もも肉:NO_VI | -1281420:航程:NO_VI | -1282070:行程:NO_VI | -2018840:おみ足:NO_VI | -1404630:足:VI | -2083950:脚:NO_VI | -2725390:足趾:NO_VI | -1570850:脛:NO_VI"
"body-health-16","","1487320","膝","ひざ","vi","đầu gối","1","0","0","0","1","1","100","0","0","0","1","1","100","-1487320:膝:VI"
"body-health-16","","1487320","膝","ひざ","en","knee","1","20","0","0","20","1","5","10","0","0","10","1","10","-1487320:膝:VI | -1090940:ニー:NO_VI | -1744560:小膝:NO_VI | -2860222:膝部:NO_VI | -2782930:膕:NO_VI | -1681280:片膝:NO_VI | -2827134:膝上:NO_VI | -2827133:膝下:NO_VI | -1721910:膝元:NO_VI | -2628370:膝窩:NO_VI"
"body-health-17","","1472800","背中","せなか","vi","lưng","1","0","0","0","2","2","100","0","0","0","2","2","100","-1472800:背中:VI | -1120070:ベルト:VI"
"body-health-17","","1472800","背中","せなか","en","back","6","20","1","5","20","2","10","10","1","10","10","2","20","-1269410:後ろ:VI | -2147990:背:NO_VI | -2854021:背:NO_VI | -2870716:後背:NO_VI | -2871704:背な:NO_VI | -1472800:背中:VI | -1472730:背後:NO_VI | -2681760:背甲:NO_VI | -1625520:背部:NO_VI | -1550320:裏手:NO_VI"
"body-health-18","","1002610","お腹","おなか","vi","bụng","1","0","0","0","2","2","100","0","0","0","2","2","100","-1002610:お腹:VI | -1539040:優しい:VI"
"body-health-18","","1002610","お腹","おなか","en","belly","1","20","0","0","20","1","5","10","0","0","10","1","10","-1002610:お腹:VI | -2085940:太腹:NO_VI | -1744460:小腹:NO_VI | -1748190:腹中:NO_VI | -2858038:ベリー:NO_VI | -1501110:腹:NO_VI | -1501250:腹部:NO_VI | -1954030:どてっ腹:NO_VI | -1571170:臍:NO_VI | -2825913:お臍:NO_VI"
"body-health-18","","1002610","お腹","おなか","enAlias","abdomen","7","17","0","0","17","1","5.88","10","0","0","10","1","10","-1501110:腹:NO_VI | -1186300:下腹:NO_VI | -1501250:腹部:NO_VI | -1184340:下っ腹:NO_VI | -1186320:下腹部:NO_VI | -1454010:胴:NO_VI | -1002610:お腹:VI | -1744460:小腹:NO_VI | -1954030:どてっ腹:NO_VI | -1748190:腹中:NO_VI"
"body-health-19","","1360770","心臓","しんぞう","vi","tim","1","20","17","85","20","19","95","10","9","90","10","9","90","-1360770:心臓:VI | -1257900:検索:VI | -1195240:茄子:VI | -5052134:ティムホートンズ:NO_VI | -1288850:今:VI | -1341000:春:VI | -1426250:昼:VI | -1002430:お茶:VI | -1157170:する:VI | -1355120:乗る:VI"
"body-health-19","","1360770","心臓","しんぞう","en","heart","4","20","0","0","20","1","5","10","0","0","10","1","10","-1595125:心:NO_VI | -1793380:心肝:NO_VI | -1793460:心胆:NO_VI | -1360770:心臓:VI | -1793840:心頭:NO_VI | -1677970:胸懐:NO_VI | -1094460:ハート:NO_VI | -2869581:ヘルツ:NO_VI | -2844202:心の臓:NO_VI | -1237900:胸三寸:NO_VI"
"body-health-20","","1255060","血","ち","vi","máu","1","0","0","0","1","1","100","0","0","0","1","1","100","-1255060:血:VI"
"body-health-20","","1255060","血","ち","en","blood","1","20","0","0","20","1","5","10","0","0","10","1","10","-1255060:血:VI | -2843994:血汗:NO_VI | -1255120:血液:NO_VI | -1669850:血の気:NO_VI | -2844005:血の汗:NO_VI | -2794800:ブラッド:NO_VI | -2856042:紅血:NO_VI | -2656050:気血水:NO_VI | -1328820:種:NO_VI | -1170130:胤:NO_VI"
"body-health-21","","1288550","骨","ほね","vi","xương","1","0","0","0","1","1","100","0","0","0","1","1","100","-1288550:骨:VI"
"body-health-21","","1288550","骨","ほね","en","bone","1","20","0","0","20","1","5","10","0","0","10","1","10","-1288550:骨:VI | -1280560:硬骨:NO_VI | -1123640:ボーン:NO_VI | -1288540:骨:NO_VI | -1573290:踝:NO_VI | -2562950:鯁:NO_VI | -1387150:仙骨:NO_VI | -1421660:恥骨:NO_VI | -1625840:白骨:NO_VI | -1483900:皮肉:NO_VI"
"body-health-22","","1483920","皮膚","ひふ","vi","da","2","28","8","28.57","28","10","35.71","10","0","0","10","2","20","-1382440:石:VI | -1483920:皮膚:VI | -1077030:ダカ:NO_VI | -2312660:デスクアクセサリ:NO_VI | -2312420:デジタルオーディオ:NO_VI | -2654250:た:NO_VI | -2089020:だ:NO_VI | -1564200:兌:NO_VI | -2820490:打:NO_VI | -2843408:朶:NO_VI"
"body-health-22","","1483920","皮膚","ひふ","en","skin","4","20","0","0","20","1","5","10","0","0","10","1","10","-1483800:皮:NO_VI | -1476450:肌:NO_VI | -1204040:外皮:NO_VI | -1483920:皮膚:VI | -1869640:肌膚:NO_VI | -1068100:スキン:NO_VI | -1298860:擦りむく:NO_VI | -1483810:皮をはぐ:NO_VI | -1474370:剥く:NO_VI | -1582990:剥ぐ:NO_VI"
"body-health-23","","1490230","病気","びょうき","vi","bệnh","1","2","2","100","2","2","100","2","2","100","2","2","100","-1490230:病気:VI | -1490220:病院:VI"
"body-health-23","","1490230","病気","びょうき","en","illness","1","20","2","10","20","2","10","10","1","10","10","1","10","-1490230:病気:VI | -1490160:病:NO_VI | -1351000:症:NO_VI | -1798470:所労:NO_VI | -1320600:疾病:NO_VI | -1320580:疾患:NO_VI | -2523260:四大不調:NO_VI | -2646250:生病老死:NO_VI | -1560200:労き:NO_VI | -1560230:労り:NO_VI"
"body-health-23","","1490230","病気","びょうき","enAlias","sickness","2","20","1","5","20","1","5","10","1","10","10","1","10","-1710920:病患:NO_VI | -1490230:病気:VI | -1495390:不例:NO_VI | -1560230:労り:NO_VI | -1855030:煩い:NO_VI | -1853200:障り:NO_VI | -1893700:中２:NO_VI | -1345900:傷病:NO_VI | -1453310:同病:NO_VI | -2855134:心疾:NO_VI"
"body-health-24","","1583720","風邪","かぜ","vi","cảm lạnh","1","1","1","100","1","1","100","1","1","100","1","1","100","-1583720:風邪:VI"
"body-health-24","","1583720","風邪","かぜ","en","common cold","2","5","1","20","6","2","33.33","5","1","20","6","2","33.33","-2858787:普通感冒:NO_VI | -1583720:風邪:VI | -2714840:乱り風:NO_VI | -1490230:病気:VI | -2830834:喉風邪:NO_VI | -2839839:かぜ症候群:NO_VI"
"body-health-25","","1467710","熱","ねつ","vi","sốt","1","1","1","100","1","1","100","1","1","100","1","1","100","-1467710:熱:VI"
"body-health-25","","1467710","熱","ねつ","en","fever","5","20","1","5","20","1","5","10","1","10","10","1","10","-2843495:熱:NO_VI | -1467970:熱病:NO_VI | -1832330:熱発:NO_VI | -1108860:フィーバー:NO_VI | -1467710:熱:VI | -1467810:熱気:NO_VI | -1477790:発熱:NO_VI | -2154380:瘧:NO_VI | -1486130:微熱:NO_VI | -1152370:悪熱:NO_VI"
"body-health-26","","1204300","咳","せき","vi","ho","1","39","21","53.85","39","27","69.23","10","2","20","10","8","80","-1204300:咳:VI | -1267280:湖:VI | -1267610:虎:VI | -1531710:名前:VI | -1316140:時計:VI | -1365230:親戚:VI | -1562870:腕時計:VI | -1421630:恥ずかしい:VI | -2771030:ほう:NO_VI | -2395870:ビッチ:NO_VI"
"body-health-26","","1204300","咳","せき","en","cough","1","20","0","0","20","1","5","10","0","0","10","1","10","-1204300:咳:VI | -1977930:咳く:NO_VI | -2100290:咳く:NO_VI | -1204320:咳嗽:NO_VI | -1572910:謦咳:NO_VI | -2579880:ゴホン:NO_VI | -1204310:咳払い:NO_VI | -2857751:咳が出る:NO_VI | -1577550:空咳:NO_VI | -2832634:鎮咳:NO_VI"
"body-health-27","","1450890","頭痛","ずつう","vi","đau đầu","1","0","0","0","1","1","100","0","0","0","1","1","100","-1450890:頭痛:VI"
"body-health-27","","1450890","頭痛","ずつう","en","headache","1","20","0","0","20","1","5","10","0","0","10","1","10","-1450890:頭痛:VI | -2872215:困りもの:NO_VI | -2865225:頭痛薬:NO_VI | -1003520:きんきん:NO_VI | -1040570:ガンガン:NO_VI | -2526300:ギンギン:NO_VI | -2093010:ビンビン:NO_VI | -2644040:群発頭痛:NO_VI | -1621770:頭が痛い:NO_VI | -2239930:頭の痛い:NO_VI"
"body-health-28","","1538160","薬","くすり","vi","thuốc","1","3","3","100","3","3","100","3","3","100","3","3","100","-1538160:薬:VI | -1159930:医師:VI | -1538200:薬局:VI"
"body-health-28","","1538160","薬","くすり","en","medicine","1","20","2","10","20","2","10","10","1","10","10","1","10","-1538160:薬:VI | -1296370:剤:NO_VI | -1159710:医:NO_VI | -1446470:刀圭:NO_VI | -1159810:医学:NO_VI | -1160100:医薬:NO_VI | -1160000:医術:NO_VI | -1538220:薬剤:NO_VI | -1538280:薬品:NO_VI | -1796810:薬餌:NO_VI"
"body-health-29","","1200220","怪我","けが","vi","vết thương","1","0","0","0","1","1","100","0","0","0","1","1","100","-1200220:怪我:VI"
"body-health-29","","1200220","怪我","けが","en","injury","4","20","0","0","20","1","5","10","0","0","10","1","10","-1204330:害:NO_VI | -1345840:傷害:NO_VI | -1218440:危害:NO_VI | -1200220:怪我:VI | -1639650:毀傷:NO_VI | -1498100:負傷:NO_VI | -1580260:傷:NO_VI | -1345890:傷創:NO_VI | -1345980:傷痍:NO_VI | -1398490:創傷:NO_VI"
"body-health-29","","1200220","怪我","けが","viAlias","bị thương","1","0","0","0","1","1","100","0","0","0","1","1","100","-1200220:怪我:VI"
"body-health-30","","1256170","健康","けんこう","vi","sức khỏe","1","0","0","0","1","1","100","0","0","0","1","1","100","-1256170:健康:VI"
"body-health-30","","1256170","健康","けんこう","en","health","1","20","0","0","20","1","5","10","0","0","10","1","10","-1256170:健康:VI | -1118850:ヘルス:NO_VI | -1284120:剛健:NO_VI | -1174790:衛生:NO_VI | -2006680:健康上:NO_VI | -2860374:摂生法:NO_VI | -2623770:ヒットポイント:NO_VI | -1409140:体:NO_VI | -1592500:具合:NO_VI | -1586960:塩梅:NO_VI"
"body-health-30","","1256170","健康","けんこう","viAlias","sức khoẻ","1","0","0","0","1","1","100","0","0","0","1","1","100","-1256170:健康:VI"
"clothing-01","","1500940","服","ふく","vi","quần áo","1","1","1","100","1","1","100","1","1","100","1","1","100","-1500940:服:VI"
"clothing-01","","1500940","服","ふく","en","clothes","1","20","1","5","20","2","10","10","1","10","10","1","10","-1500940:服:VI | -2093780:着:NO_VI | -1158710:衣:NO_VI | -2756510:べべ:NO_VI | -1423010:着衣:NO_VI | -1158810:衣服:NO_VI | -2741530:衣物:NO_VI | -1613280:衣類:NO_VI | -2756520:おべべ:NO_VI | -2857249:クローズ:NO_VI"
"clothing-01","","1500940","服","ふく","enAlias","clothing","12","20","1","5","20","1","5","10","0","0","10","0","0","-2266110:衣:NO_VI | -2414600:装:NO_VI | -1701310:着類:NO_VI | -1158830:衣料:NO_VI | -1158760:衣装:NO_VI | -1484560:被服:NO_VI | -1402410:装用:NO_VI | -1346400:召し物:NO_VI | -2144400:衣料品:NO_VI | -1002140:お召し物:NO_VI"
"clothing-02","","1061520","シャツ","シャツ","vi","áo sơ mi","1","0","0","0","1","1","100","0","0","0","1","1","100","-1061520:シャツ:VI"
"clothing-02","","1061520","シャツ","シャツ","en","shirt","1","20","0","0","20","2","10","10","0","0","10","1","10","-1061520:シャツ:VI | -1148640:Ｙシャツ:NO_VI | -1037600:カッターシャツ:NO_VI | -1572520:襯衣:NO_VI | -2223220:ホワイトシャツ:NO_VI | -1596610:袖付:NO_VI | -1728590:開襟:NO_VI | -1795970:鯉口:NO_VI | -1019820:アロハ:NO_VI | -2619480:肌脱ぐ:NO_VI"
"clothing-03","","1000160","Ｔシャツ","ティーシャツ","vi","áo phông","1","0","0","0","1","1","100","0","0","0","1","1","100","-1000160:Ｔシャツ:VI"
"clothing-03","","1000160","Ｔシャツ","ティーシャツ","en","T-shirt","1","10","0","0","10","1","10","10","0","0","10","1","10","-1000160:Ｔシャツ:VI | -2594160:Ｔ:NO_VI | -1216450:丸首:NO_VI | -2850993:白Ｔ:NO_VI | -2787130:ピタＴ:NO_VI | -2847836:ピチＴ:NO_VI | -2864441:ロンＴ:NO_VI | -2552190:圧縮Ｔシャツ:NO_VI | -2864489:ロングＴシャツ:NO_VI | -2730030:濡れＴシャツコンテスト:NO_VI"
"clothing-03","","1000160","Ｔシャツ","ティーシャツ","viAlias","áo thun","1","0","0","0","1","1","100","0","0","0","1","1","100","-1000160:Ｔシャツ:VI"
"clothing-04","","1074260","洋袴","ズボン","vi","quần","1","1","1","100","2","2","100","1","1","100","2","2","100","-1074260:洋袴:VI | -1500940:服:VI"
"clothing-04","","1074260","洋袴","ズボン","en","trousers","1","20","0","0","20","1","5","10","0","0","10","1","10","-1074260:洋袴:VI | -2500070:トラウザーズ:NO_VI | -2117860:長ズボン:NO_VI | -1103200:パンタロン:NO_VI | -1103270:パンツ:NO_VI | -1267440:袴:NO_VI | -2112170:七分:NO_VI | -2112160:八分:NO_VI | -1704570:段袋:NO_VI | -1267470:股引:NO_VI"
"clothing-04","","1074260","洋袴","ズボン","enAlias","pants","3","20","0","0","20","1","5","10","0","0","10","1","10","-2866859:おパンツ:NO_VI | -2117860:長ズボン:NO_VI | -1074260:洋袴:VI | -1103270:パンツ:NO_VI | -2824330:袴:NO_VI | -2841753:チノ:NO_VI | -2115180:股上:NO_VI | -1012720:もんぺ:NO_VI | -2267410:半パン:NO_VI | -1741750:尻当て:NO_VI"
"clothing-05","","1067470","スカート","スカート","vi","váy","1","0","0","0","2","2","100","0","0","0","2","2","100","-1067470:スカート:VI | -1149240:ワンピース:VI"
"clothing-05","","1067470","スカート","スカート","en","skirt","2","20","0","0","20","1","5","10","0","0","10","1","10","-2592340:褄:NO_VI | -1067470:スカート:VI | -1211200:巻く:NO_VI | -1267440:袴:NO_VI | -1912240:裳:NO_VI | -2824280:裳:NO_VI | -2834848:パウ:NO_VI | -2592350:左褄:NO_VI | -1955200:留袖:NO_VI | -2568880:腰蓑:NO_VI"
"clothing-06","","1149240","ワンピース","ワンピース","vi","váy liền","1","0","0","0","1","1","100","0","0","0","1","1","100","-1149240:ワンピース:VI"
"clothing-06","","1149240","ワンピース","ワンピース","en","dress","10","20","1","5","20","2","10","10","0","0","10","1","10","-1158820:衣紋:NO_VI | -1855190:装い:NO_VI | -1402280:装う:NO_VI | -1089280:ドレス:NO_VI | -2725040:ワンピ:NO_VI | -1574260:和える:NO_VI | -1365570:身なり:NO_VI | -1705810:身支度:NO_VI | -1627730:出で立ち:NO_VI | -1149240:ワンピース:VI"
"clothing-07","","1049000","コート","コート","vi","áo khoác dài","1","0","0","0","1","1","100","0","0","0","1","1","100","-1049000:コート:VI"
"clothing-07","","1049000","コート","コート","en","coat","3","20","0","0","20","1","5","10","0","0","10","1","10","-1580340:上着:NO_VI | -2807920:外被:NO_VI | -1049000:コート:VI | -1533960:毛並み:NO_VI | -1353920:上張り:NO_VI | -1014640:アウターウェア:NO_VI | -1422990:着せる:NO_VI | -1957010:紋:NO_VI | -1381380:青:NO_VI | -1185920:下地:NO_VI"
"clothing-08","","1065170","ジャケット","ジャケット","vi","áo khoác","1","0","0","0","2","2","100","0","0","0","2","2","100","-1065170:ジャケット:VI | -1049000:コート:VI"
"clothing-08","","1065170","ジャケット","ジャケット","en","jacket","1","20","0","0","20","1","5","10","0","0","10","1","10","-1065170:ジャケット:VI | -1065840:ジャンパー:NO_VI | -2307840:ダストカバー:NO_VI | -1580340:上着:NO_VI | -2807920:外被:NO_VI | -1354220:上表紙:NO_VI | -1014640:アウターウェア:NO_VI | -2843308:十徳:NO_VI | -1630440:熊蜂:NO_VI | -2725360:特服:NO_VI"
"clothing-09","","1074270","セーター","セーター","vi","áo len","1","0","0","0","1","1","100","0","0","0","1","1","100","-1074270:セーター:VI"
"clothing-09","","1074270","セーター","セーター","en","sweater","1","13","0","0","13","1","7.69","10","0","0","10","1","10","-1074270:セーター:VI | -1454660:徳利:NO_VI | -1621740:汗かき:NO_VI | -2306630:タートル:NO_VI | -1856440:汗っかき:NO_VI | -1511910:編み出す:NO_VI | -2441950:アラン模様:NO_VI | -2428900:カシュクール:NO_VI | -2209890:クルーネック:NO_VI | -2498090:サマーセーター:NO_VI"
"clothing-10","","1246700","靴","くつ","vi","giày","1","1","1","100","1","1","100","1","1","100","1","1","100","-1246700:靴:VI"
"clothing-10","","1246700","靴","くつ","en","shoes","4","20","1","5","20","1","5","10","1","10","10","1","10","-1843670:短靴:NO_VI | -2836993:くっく:NO_VI | -1061970:シューズ:NO_VI | -1246700:靴:VI | -2412230:足:NO_VI | -1583160:半靴:NO_VI | -1600680:履物:NO_VI | -1164400:一足:NO_VI | -1353030:上靴:NO_VI | -1479670:半長:NO_VI"
"clothing-11","","1246740","靴下","くつした","vi","tất","1","0","0","0","1","1","100","0","0","0","1","1","100","-1246740:靴下:VI"
"clothing-11","","1246740","靴下","くつした","en","socks","1","20","0","0","20","1","5","10","0","0","10","1","10","-1246740:靴下:VI | -2524530:靴足袋:NO_VI | -1075420:ソックス:NO_VI | -2412230:足:NO_VI | -1280130:甲高:NO_VI | -2114070:紺ソ:NO_VI | -1404920:足袋:NO_VI | -1667080:軍足:NO_VI | -2232580:ニーソ:NO_VI | -2832170:ホーズ:NO_VI"
"clothing-11","","1246740","靴下","くつした","viAlias","vớ","1","0","0","0","1","1","100","0","0","0","1","1","100","-1246740:靴下:VI"
"clothing-12","","1519170","帽子","ぼうし","vi","mũ","1","0","0","0","2","2","100","0","0","0","2","2","100","-1519170:帽子:VI | -1486720:鼻:VI"
"clothing-12","","1519170","帽子","ぼうし","en","hat","5","24","5","20.83","24","9","37.5","10","2","20","10","5","50","-1588120:歌う:VI | -2558760:帽:NO_VI | -2872392:冠帽:NO_VI | -1253410:劇場:VI | -1519170:帽子:VI | -1267600:胡椒:VI | -1096000:ハット:NO_VI | -1061510:シャッポ:NO_VI | -1450830:頭巾:NO_VI | -1301940:傘:VI"
"clothing-12","","1519170","帽子","ぼうし","viAlias","nón","1","0","0","0","3","3","100","0","0","0","3","3","100","-1519170:帽子:VI | -1343460:暑い:VI | -1467720:熱い:VI"
"clothing-13","","1328090","手袋","てぶくろ","vi","găng tay","1","0","0","0","1","1","100","0","0","0","1","1","100","-1328090:手袋:VI"
"clothing-13","","1328090","手袋","てぶくろ","en","gloves","1","9","0","0","10","1","10","9","0","0","10","1","10","-1328090:手袋:VI | -1248400:軍手:NO_VI | -2229520:ゴム手:NO_VI | -1566420:嵌める:NO_VI | -2776620:春手袋:NO_VI | -2871670:長手袋:NO_VI | -1867150:革手袋:NO_VI | -2862342:ゴム手袋:NO_VI | -2838298:腫れ物扱い:NO_VI | -2275400:ディスポーサブル手袋:NO_VI"
"clothing-14","","1129210","マフラー","マフラー","vi","khăn quàng cổ","1","0","0","0","1","1","100","0","0","0","1","1","100","-1129210:マフラー:VI"
"clothing-14","","1129210","マフラー","マフラー","en","scarf","4","16","0","0","16","1","6.25","10","0","0","10","1","10","-1241990:襟巻き:NO_VI | -1634280:首巻き:NO_VI | -1067480:スカーフ:NO_VI | -1129210:マフラー:VI | -1663990:頬被り:NO_VI | -2835435:頬っ被り:NO_VI | -1603900:巻物:NO_VI | -1123660:ボア:NO_VI | -1211200:巻く:NO_VI | -1470840:覗く:NO_VI"
"clothing-15","","1577670","メガネ","メガネ","vi","kính mắt","1","1","1","100","1","1","100","1","1","100","1","1","100","-1577670:メガネ:VI"
"clothing-15","","1577670","メガネ","メガネ","en","glasses","1","20","1","5","20","1","5","10","1","10","10","1","10","-1577670:メガネ:VI | -2862467:眼鏡:NO_VI | -1046430:グラス:NO_VI | -1445160:度:NO_VI | -2153670:蔓:NO_VI | -1901340:杯盤:NO_VI | -2833733:丸眼鏡:NO_VI | -1179240:凹眼鏡:NO_VI | -1398710:双眼鏡:NO_VI | -1644540:老眼鏡:NO_VI"
"clothing-15","","1577670","メガネ","メガネ","viAlias","kính đeo mắt","1","0","0","0","1","1","100","0","0","0","1","1","100","-1577670:メガネ:VI"
"clothing-15","","1577670","メガネ","メガネ","enAlias","eyeglasses","1","7","1","14.29","7","1","14.29","7","1","14.29","7","1","14.29","-1577670:メガネ:VI | -2862467:眼鏡:NO_VI | -1574160:靉靆:NO_VI | -2833733:丸眼鏡:NO_VI | -2686020:鼻盛り:NO_VI | -2868572:すっこける:NO_VI | -2154270:ずっこける:NO_VI"
"clothing-16","","1058300","サングラス","サングラス","vi","kính râm","1","0","0","0","1","1","100","0","0","0","1","1","100","-1058300:サングラス:VI"
"clothing-16","","1058300","サングラス","サングラス","en","sunglasses","3","6","0","0","6","1","16.67","6","0","0","6","1","16.67","-1287590:黒眼鏡:NO_VI | -2106230:グラサン:NO_VI | -1058300:サングラス:VI | -1357650:色眼鏡:NO_VI | -2867841:オーバーグラス:NO_VI | -2112670:ラップアラウンド:NO_VI"
"clothing-17","","1208910","鞄","かばん","vi","cặp","1","0","0","0","1","1","100","0","0","0","1","1","100","-1208910:鞄:VI"
"clothing-17","","1208910","鞄","かばん","en","bag","2","20","0","0","20","1","5","10","0","0","10","1","10","-1411070:袋:NO_VI | -1208910:鞄:VI | -1099100:バッグ:NO_VI | -1555910:塁:NO_VI | -1465600:入れ:NO_VI | -1881800:収獲:NO_VI | -1056730:サック:NO_VI | -1330510:収穫:NO_VI | -1583390:俵:NO_VI | -2085420:叺:NO_VI"
"clothing-17","","1208910","鞄","かばん","viAlias","túi xách","1","0","0","0","1","1","100","0","0","0","1","1","100","-1208910:鞄:VI"
"clothing-18","","1296970","財布","さいふ","vi","ví","1","1","1","100","1","1","100","1","1","100","1","1","100","-1296970:財布:VI"
"clothing-18","","1296970","財布","さいふ","en","wallet","1","19","1","5.26","19","1","5.26","10","1","10","10","1","10","-1296970:財布:VI | -1645260:札入れ:NO_VI | -1762930:紙入れ:NO_VI | -2195350:ウォレット:NO_VI | -2841893:財嚢:NO_VI | -2846866:パース:NO_VI | -1243110:金入れ:NO_VI | -1653530:手札:NO_VI | -2667760:手札判:NO_VI | -1698540:手札型:NO_VI"
"clothing-18","","1296970","財布","さいふ","viAlias","bóp","1","0","0","0","1","1","100","0","0","0","1","1","100","-1296970:財布:VI"
"clothing-19","","1120070","ベルト","ベルト","vi","thắt lưng","1","0","0","0","1","1","100","0","0","0","1","1","100","-1120070:ベルト:VI"
"clothing-19","","1120070","ベルト","ベルト","en","belt","2","20","0","0","20","1","5","10","0","0","10","1","10","-2862703:調帯:NO_VI | -1120070:ベルト:VI | -2717170:調べ帯:NO_VI | -1058490:サンチュール:NO_VI | -1410420:帯:NO_VI | -1300570:三尺:NO_VI | -1186190:下紐:NO_VI | -1199340:回し:NO_VI | -1421360:地帯:NO_VI | -1236430:強打:NO_VI"
"clothing-19","","1120070","ベルト","ベルト","viAlias","dây nịt","1","0","0","0","1","1","100","0","0","0","1","1","100","-1120070:ベルト:VI"
"clothing-20","","1092820","ネクタイ","ネクタイ","vi","cà vạt","1","0","0","0","1","1","100","0","0","0","1","1","100","-1092820:ネクタイ:VI"
"clothing-20","","1092820","ネクタイ","ネクタイ","en","necktie","3","10","0","0","10","1","10","10","0","0","10","1","10","-1926940:ダービータイ:NO_VI | -1075830:タイ:NO_VI | -1092820:ネクタイ:VI | -2735170:襟飾り:NO_VI | -2845869:クラバット:NO_VI | -1436570:締める:NO_VI | -1926860:タイカラー:NO_VI | -2725290:ニットタイ:NO_VI | -1092830:ネクタイピン:NO_VI | -1124760:ポーラータイ:NO_VI"
"clothing-20","","1092820","ネクタイ","ネクタイ","enAlias","tie","7","26","6","23.08","26","7","26.92","10","0","0","10","1","10","-1075830:タイ:NO_VI | -1487980:紐帯:NO_VI | -1254670:結ぶ:NO_VI | -1476050:縛る:NO_VI | -2600480:挿げる:NO_VI | -1436570:締める:NO_VI | -1092820:ネクタイ:VI | -1254650:結びつける:NO_VI | -2842131:結び合わす:NO_VI | -1476040:縛り付ける:NO_VI"
"clothing-21","","1310050","指輪","ゆびわ","vi","nhẫn","1","0","0","0","1","1","100","0","0","0","1","1","100","-1310050:指輪:VI"
"clothing-21","","1310050","指輪","ゆびわ","en","ring","6","20","0","0","20","1","5","10","0","0","10","1","10","-2232660:環:NO_VI | -1555710:輪:NO_VI | -2087130:鐶:NO_VI | -2844454:リン:NO_VI | -1445550:土俵:NO_VI | -1310050:指輪:VI | -2567610:指金:NO_VI | -1143430:リング:NO_VI | -2070210:輪っか:NO_VI | -1532880:鳴らす:NO_VI"
"clothing-22","","1093000","ネックレス","ネックレス","vi","dây chuyền","1","0","0","0","1","1","100","0","0","0","1","1","100","-1093000:ネックレス:VI"
"clothing-22","","1093000","ネックレス","ネックレス","en","necklace","3","12","0","0","12","1","8.33","10","0","0","10","1","10","-2868407:頸飾:NO_VI | -1329280:首飾り:NO_VI | -1093000:ネックレス:VI | -2818550:瓔珞:NO_VI | -1329440:首輪:NO_VI | -1207610:掛ける:NO_VI | -2735170:襟飾り:NO_VI | -2399020:ソトワール:NO_VI | -2072250:チョーカー:NO_VI | -2853358:パールネックレス:NO_VI"
"clothing-23","","1562870","腕時計","うでどけい","vi","đồng hồ đeo tay","1","0","0","0","1","1","100","0","0","0","1","1","100","-1562870:腕時計:VI"
"clothing-23","","1562870","腕時計","うでどけい","en","wristwatch","1","3","0","0","3","1","33.33","3","0","0","3","1","33.33","-1562870:腕時計:VI | -2868965:リストウォッチ:NO_VI | -1082570:デインデート:NO_VI"
"clothing-24","","1301940","傘","かさ","vi","ô","1","11","11","100","20","20","100","10","10","100","10","10","100","-1301940:傘:VI | -1323080:車:VI | -1318400:自動車:VI | -1446070:冬:VI | -1579110:今日:VI | -1304970:仕事:VI | -1198550:会社:VI | -1387990:先生:VI | -1273270:公園:VI | -1579260:昨日:VI"
"clothing-24","","1301940","傘","かさ","en","umbrella","1","20","1","5","20","1","5","10","1","10","10","1","10","-1301940:傘:VI | -1662170:洋傘:NO_VI | -1586610:雨傘:NO_VI | -2220880:差し傘:NO_VI | -1572100:こうもり傘:NO_VI | -2435870:アンブレラ:NO_VI | -1102490:パラソル:NO_VI | -1572090:蝙蝠:NO_VI | -1207670:笠:NO_VI | -1301960:傘下:NO_VI"
"clothing-24","","1301940","傘","かさ","viAlias","dù","1","2","2","100","2","2","100","2","2","100","2","2","100","-1301940:傘:VI | -1305990:使う:VI"
"clothing-25","","1797820","長靴","ながぐつ","vi","ủng","1","0","0","0","1","1","100","0","0","0","1","1","100","-1797820:長靴:VI"
"clothing-25","","1797820","長靴","ながぐつ","en","boots","9","20","1","5","20","2","10","10","1","10","10","2","20","-1113130:ブーツ:NO_VI | -1246700:靴:VI | -1479680:半長靴:NO_VI | -1071980:スパイクシューズ:NO_VI | -1071970:スパイク:NO_VI | -1729690:泥靴:NO_VI | -1769130:深靴:NO_VI | -1247920:軍靴:NO_VI | -1797820:長靴:VI | -1171960:雨靴:NO_VI"
"clothing-26","","1058480","サンダル","サンダル","vi","dép xăng đan","1","0","0","0","1","1","100","0","0","0","1","1","100","-1058480:サンダル:VI"
"clothing-26","","1058480","サンダル","サンダル","en","sandals","1","20","0","0","20","1","5","10","0","0","10","1","10","-1058480:サンダル:VI | -1779370:突っかけ:NO_VI | -1402060:草履:NO_VI | -1402080:草鞋:NO_VI | -2628880:足半:NO_VI | -1596110:雪駄:NO_VI | -1524470:麻裏:NO_VI | -1353790:上草履:NO_VI | -2827970:草鞋銭:NO_VI | -2614060:ビーサン:NO_VI"
"clothing-27","","1073900","スリッパ","スリッパ","vi","dép đi trong nhà","1","0","0","0","1","1","100","0","0","0","1","1","100","-1073900:スリッパ:VI"
"clothing-27","","1073900","スリッパ","スリッパ","en","slippers","6","11","0","0","11","1","9.09","10","0","0","10","1","10","-2226270:室内履き:NO_VI | -2203530:部屋履き:NO_VI | -2857938:バレーシューズ:NO_VI | -2767320:デコる:NO_VI | -1353790:上草履:NO_VI | -1073900:スリッパ:VI | -1353030:上靴:NO_VI | -1185750:下足:NO_VI | -1354470:上履き:NO_VI | -1456920:突っかける:NO_VI"
"clothing-28","","1101430","パジャマ","パジャマ","vi","đồ ngủ","1","0","0","0","1","1","100","0","0","0","1","1","100","-1101430:パジャマ:VI"
"clothing-28","","1101430","パジャマ","パジャマ","en","pajamas","1","3","0","0","3","1","33.33","3","0","0","3","1","33.33","-1101430:パジャマ:VI | -1360040:寝巻き:NO_VI | -2405000:パジャマ姿:NO_VI"
"clothing-28","","1101430","パジャマ","パジャマ","enAlias","pyjamas","3","4","0","0","4","1","25","4","0","0","4","1","25","-2493930:ピジャマ:NO_VI | -1360040:寝巻き:NO_VI | -1101430:パジャマ:VI | -2405000:パジャマ姿:NO_VI"
"clothing-29","","1374940","制服","せいふく","vi","đồng phục","1","0","0","0","1","1","100","0","0","0","1","1","100","-1374940:制服:VI"
"clothing-29","","1374940","制服","せいふく","en","uniform","4","20","0","0","20","1","5","10","0","0","10","1","10","-2842029:ユニ:NO_VI | -1167250:一律:NO_VI | -1167130:一様:NO_VI | -1374940:制服:VI | -1377850:正服:NO_VI | -2857843:職服:NO_VI | -2870933:隊服:NO_VI | -1390530:戦闘服:NO_VI | -1197100:画一的:NO_VI | -1137430:ユニフォーム:NO_VI"
"clothing-30","","1423240","着物","きもの","vi","kimono","1","20","0","0","20","1","5","10","0","0","10","1","10","-1423240:着物:VI | -2061060:畳:NO_VI | -2566160:袘:NO_VI | -1267440:袴:NO_VI | -1153660:袷:NO_VI | -2180280:裄:NO_VI | -1572380:褌:NO_VI | -2013620:襷:NO_VI | -1425420:中幅:NO_VI | -1416960:丹前:NO_VI"
"clothing-30","","1423240","着物","きもの","en","kimono","1","20","0","0","20","1","5","10","0","0","10","1","10","-1423240:着物:VI | -2061060:畳:NO_VI | -2566160:袘:NO_VI | -1267440:袴:NO_VI | -1153660:袷:NO_VI | -2180280:裄:NO_VI | -1572380:褌:NO_VI | -2013620:襷:NO_VI | -1425420:中幅:NO_VI | -1416960:丹前:NO_VI"
"places-01","","1243490","銀行","ぎんこう","vi","ngân hàng","1","1","1","100","2","2","100","1","1","100","2","2","100","-1243490:銀行:VI | -1243500:銀行員:VI"
"places-01","","1243490","銀行","ぎんこう","en","bank","1","20","1","5","20","1","5","10","1","10","10","1","10","-1243490:銀行:VI | -2830862:堆:NO_VI | -1435340:堤:NO_VI | -1217040:岸:NO_VI | -2846957:堤塘:NO_VI | -1435350:堤防:NO_VI | -2866699:池塘:NO_VI | -2830863:浅堆:NO_VI | -2827075:貴行:NO_VI | -1100130:バンク:NO_VI"
"places-01","","1243490","銀行","ぎんこう","viAlias","ngân hàng tài chính","1","0","0","0","1","1","100","0","0","0","1","1","100","-1243490:銀行:VI"
"places-02","","1490220","病院","びょういん","vi","bệnh viện","1","1","1","100","1","1","100","1","1","100","1","1","100","-1490220:病院:VI"
"places-02","","1490220","病院","びょういん","en","hospital","1","20","2","10","20","2","10","10","2","20","10","2","20","-1490220:病院:VI | -1710870:病舎:NO_VI | -1122380:ホスピタル:NO_VI | -1538200:薬局:VI | -1503110:分院:NO_VI | -2411260:在院:NO_VI | -2199240:当院:NO_VI | -1481300:搬送:NO_VI | -1547770:来院:NO_VI | -1303730:産院:NO_VI"
"places-03","","1542430","郵便局","ゆうびんきょく","vi","bưu điện","1","1","1","100","1","1","100","1","1","100","1","1","100","-1542430:郵便局:VI"
"places-03","","1542430","郵便局","ゆうびんきょく","en","post office","1","20","1","5","20","1","5","10","1","10","10","1","10","-1542430:郵便局:VI | -2519370:駅逓局:NO_VI | -1125170:ポストオフィス:NO_VI | -1161910:一局:NO_VI | -2683450:来局:NO_VI | -1202620:開局:NO_VI | -1701120:着信局:NO_VI | -2221330:私書函:NO_VI | -1311240:私書箱:NO_VI | -2861547:ＰＯＰ:NO_VI"
"places-04","","1175140","駅","えき","vi","nhà ga","1","1","1","100","1","1","100","1","1","100","1","1","100","-1175140:駅:VI"
"places-04","","1175140","駅","えき","en","station","16","20","4","20","20","4","20","10","0","0","10","0","0","-2152020:署:NO_VI | -2869182:車站:NO_VI | -1656220:詰め所:NO_VI | -1070300:ステーション:NO_VI | -1584250:牧場:NO_VI | -2812610:駅家:NO_VI | -1175220:駅頭:NO_VI | -1435080:停留所:NO_VI | -1945390:発着所:NO_VI | -1316380:次:NO_VI"
"places-04","","1175140","駅","えき","viAlias","ga tàu","1","0","0","0","1","1","100","0","0","0","1","1","100","-1175140:駅:VI"
"places-05","","1245570","空港","くうこう","vi","sân bay","1","1","1","100","1","1","100","1","1","100","1","1","100","-1245570:空港:VI"
"places-05","","1245570","空港","くうこう","en","airport","1","20","1","5","20","1","5","10","1","10","10","1","10","-1245570:空港:VI | -2663990:空の玄関:NO_VI | -1027460:エアポート:NO_VI | -1485520:飛行場:NO_VI | -2821370:前泊:NO_VI | -2854524:廃港:NO_VI | -1982690:臨空:NO_VI | -2845821:発着枠:NO_VI | -2437010:空港税:NO_VI | -5233885:空港線:NO_VI"
"places-06","","1279990","港","みなと","vi","cảng","1","1","1","100","2","2","100","1","1","100","2","2","100","-1279990:港:VI | 88:空港:VI"
"places-06","","1279990","港","みなと","en","port","5","20","0","0","20","1","5","10","0","0","10","1","10","-1290890:左舷:NO_VI | -1201350:海港:NO_VI | -1124700:ポート:NO_VI | -1707820:取り舵:NO_VI | -1279990:港:VI | -2866058:港津:NO_VI | -2018720:吸い込み口:NO_VI | -2609820:津:NO_VI | -1418880:端子:NO_VI | -1897840:泊まり:NO_VI"
"places-06","","1279990","港","みなと","viAlias","bến cảng","1","0","0","0","1","1","100","0","0","0","1","1","100","-1279990:港:VI"
"places-07","","1273270","公園","こうえん","vi","công viên","1","1","1","100","1","1","100","1","1","100","1","1","100","-1273270:公園:VI"
"places-07","","1273270","公園","こうえん","en","park","1","20","1","5","20","1","5","10","1","10","10","1","10","-1273270:公園:VI | -2522490:園地:NO_VI | -1102820:パルコ:NO_VI | -1100450:パーク:NO_VI | -2763430:駐める:NO_VI | -2854424:園:NO_VI | -1176240:園:NO_VI | -2062510:園生:NO_VI | -1436140:庭園:NO_VI | -2588100:私領:NO_VI"
"places-08","","1451490","動物園","どうぶつえん","vi","sở thú","1","0","0","0","1","1","100","0","0","0","1","1","100","-1451490:動物園:VI"
"places-08","","1451490","動物園","どうぶつえん","en","zoo","2","20","0","0","20","1","5","10","0","0","10","1","10","-2857260:ズー:NO_VI | -1451490:動物園:VI | -2855231:動物公園:NO_VI | -2818450:退園:NO_VI | -1465750:入園:NO_VI | -1613610:園内:NO_VI | -1176280:園長:NO_VI | -2850425:本園:NO_VI | -2840199:転園:NO_VI | -2664490:飼育員:NO_VI"
"places-08","","1451490","動物園","どうぶつえん","viAlias","vườn thú","1","0","0","0","1","1","100","0","0","0","1","1","100","-1451490:動物園:VI"
"places-09","","1371820","水族館","すいぞくかん","vi","thủy cung","1","0","0","0","1","1","100","0","0","0","1","1","100","-1371820:水族館:VI"
"places-09","","1371820","水族館","すいぞくかん","en","aquarium","1","8","0","0","8","1","12.5","8","0","0","8","1","12.5","-1371820:水族館:VI | -2155790:アクアリウム:NO_VI | -2836390:マリンパーク:NO_VI | -2792680:在館:NO_VI | -1371800:水槽:NO_VI | -1932450:観賞魚:NO_VI | -2664490:飼育員:NO_VI | -2803540:海中水族館:NO_VI"
"places-09","","1371820","水族館","すいぞくかん","viAlias","thuỷ cung","1","0","0","0","1","1","100","0","0","0","1","1","100","-1371820:水族館:VI"
"places-10","","1474720","博物館","はくぶつかん","vi","bảo tàng","1","0","0","0","2","2","100","0","0","0","2","2","100","-1474720:博物館:VI | -1486460:美術館:VI"
"places-10","","1474720","博物館","はくぶつかん","en","museum","1","20","0","0","20","2","10","10","0","0","10","1","10","-1474720:博物館:VI | -2786630:徴古館:NO_VI | -1223350:記念館:NO_VI | -2411270:資料館:NO_VI | -2099290:総合博物館:NO_VI | -1131620:ミュージアム:NO_VI | -2792680:在館:NO_VI | -1614320:館内:NO_VI | -1665900:館外:NO_VI | -1306990:史料館:NO_VI"
"places-11","","1486460","美術館","びじゅつかん","vi","bảo tàng mỹ thuật","1","0","0","0","1","1","100","0","0","0","1","1","100","-1486460:美術館:VI"
"places-11","","1486460","美術館","びじゅつかん","en","art museum","1","19","0","0","19","1","5.26","10","0","0","10","1","10","-1486460:美術館:VI | -2861224:美術博物館:NO_VI | -5633615:保科美術館:NO_VI | -5256629:古川美術館:NO_VI | -5566597:徳川美術館:NO_VI | -5482594:村内美術館:NO_VI | -2829673:現代美術館:NO_VI | -5512463:竹井美術館:NO_VI | -2760950:近代美術館:NO_VI | -5317433:三重県立美術館:NO_VI"
"places-12","","1173750","映画館","えいがかん","vi","rạp chiếu phim","1","0","0","0","1","1","100","0","0","0","1","1","100","-1173750:映画館:VI"
"places-12","","1173750","映画館","えいがかん","en","cinema","4","20","0","0","20","1","5","10","0","0","10","1","10","-1060950:シネマ:NO_VI | -1614320:館内:NO_VI | -1798170:常設館:NO_VI | -1173750:映画館:VI | -2460380:キネマ:NO_VI | -2826630:エクラン:NO_VI | -2839536:廃館:NO_VI | -1512960:弁士:NO_VI | -2658190:映研:NO_VI | -2020990:本編:NO_VI"
"places-12","","1173750","映画館","えいがかん","enAlias","movie theater","2","9","0","0","9","1","11.11","9","0","0","9","1","11.11","-1798170:常設館:NO_VI | -1173750:映画館:VI | -2020990:本編:NO_VI | -1688160:続映:NO_VI | -2853296:上映館:NO_VI | -2866182:貸切状態:NO_VI | -2850380:ファーストデイ:NO_VI | -2853369:ライブビューイング:NO_VI | -1430720:直映館:NO_VI"
"places-13","","1253410","劇場","げきじょう","vi","nhà hát","1","0","0","0","1","1","100","0","0","0","1","1","100","-1253410:劇場:VI"
"places-13","","1253410","劇場","げきじょう","en","theater","4","20","0","0","20","1","5","10","0","0","10","1","10","-1059740:シアター:NO_VI | -2826871:テアトル:NO_VI | -2826872:テアトロ:NO_VI | -1253410:劇場:VI | -1355880:場内:NO_VI | -1390140:戦域:NO_VI | -1176860:演劇:NO_VI | -1177030:演舞場:NO_VI | -1321640:芝居小屋:NO_VI | -1102220:パフォーマンス:NO_VI"
"places-13","","1253410","劇場","げきじょう","enAlias","theatre","1","20","0","0","20","1","5","10","0","0","10","1","10","-1253410:劇場:VI | -1177030:演舞場:NO_VI | -1355880:場内:NO_VI | -1390140:戦域:NO_VI | -2105990:来館:NO_VI | -1176860:演劇:NO_VI | -1059740:シアター:NO_VI | -2826871:テアトル:NO_VI | -2826872:テアトロ:NO_VI | -1321640:芝居小屋:NO_VI"
"places-14","","1145310","レストラン","レストラン","vi","nhà hàng","1","1","1","100","1","1","100","1","1","100","1","1","100","-1145310:レストラン:VI"
"places-14","","1145310","レストラン","レストラン","en","restaurant","1","20","2","10","20","2","10","10","1","10","10","1","10","-1145310:レストラン:VI | -2837167:処:NO_VI | -1756930:旗亭:NO_VI | -2592950:酒楼:NO_VI | -2848863:食店:NO_VI | -1208140:割烹店:NO_VI | -1554320:料理屋:NO_VI | -1554330:料理店:NO_VI | -2837155:食事処:NO_VI | -1169950:飲食店:NO_VI"
"places-15","","1226440","喫茶店","きっさてん","vi","quán cà phê","1","1","1","100","1","1","100","1","1","100","1","1","100","-1226440:喫茶店:VI"
"places-15","","1226440","喫茶店","きっさてん","en","cafe","3","20","1","5","20","1","5","10","1","10","10","1","10","-1038050:カフェ:NO_VI | -2836344:軽飲食店:NO_VI | -1226440:喫茶店:VI | -2401730:サ店:NO_VI | -2861113:バール:NO_VI | -2840153:コーヒー店:NO_VI | -1226430:喫茶:NO_VI | -1711660:茶寮:NO_VI | -1101000:パーラー:NO_VI | -2150290:漫喫:NO_VI"
"places-15","","1226440","喫茶店","きっさてん","enAlias","coffee shop","1","17","1","5.88","17","1","5.88","10","1","10","10","1","10","-1226440:喫茶店:VI | -2868457:コーヒー屋:NO_VI | -2840153:コーヒー店:NO_VI | -1049190:コーヒーショップ:NO_VI | -2401730:サ店:NO_VI | -2015650:茶房:NO_VI | -1226430:喫茶:NO_VI | -1711660:茶寮:NO_VI | -2150290:漫喫:NO_VI | -1128210:マダム:NO_VI"
"places-16","","1066710","スーパー","スーパー","vi","siêu thị","1","1","1","100","1","1","100","1","1","100","1","1","100","-1066710:スーパー:VI"
"places-16","","1066710","スーパー","スーパー","en","supermarket","1","15","1","6.67","15","1","6.67","10","1","10","10","1","10","-1066710:スーパー:VI | -1066930:スーパーマーケット:NO_VI | -2859232:作荷台:NO_VI | -2859258:サッカー:NO_VI | -5746052:ダイエー:NO_VI | -5079795:マイカル:NO_VI | -2854094:サッカー台:NO_VI | -2848279:業務スーパー:NO_VI | -2836830:試食コーナー:NO_VI | -5742048:マイバスケット:NO_VI"
"places-17","","1053280","コンビニ","コンビニ","vi","cửa hàng tiện lợi","1","1","1","100","1","1","100","1","1","100","1","1","100","-1053280:コンビニ:VI"
"places-17","","1053280","コンビニ","コンビニ","en","convenience store","1","20","1","5","20","1","5","10","1","10","10","1","10","-1053280:コンビニ:VI | -2868023:ＣＶＳ:NO_VI | -2832053:ビニコン:NO_VI | -1053300:コンビニエンスストア:NO_VI | -5746807:セブン:NO_VI | -2096130:ビニる:NO_VI | -2860889:ビニ弁:NO_VI | -5094718:ローソン:NO_VI | -5743521:生活彩家:NO_VI | -2871784:コンビニ食:NO_VI"
"places-18","","1308300","市場","いちば","vi","chợ","1","0","0","0","1","1","100","0","0","0","1","1","100","-1308300:市場:VI"
"places-18","","1308300","市場","いちば","en","market","3","20","0","0","20","1","5","10","0","0","10","1","10","-1308080:市:NO_VI | -2127940:商域:NO_VI | -1308300:市場:VI | -1308305:市場:NO_VI | -1481880:販路:NO_VI | -2858249:捌け口:NO_VI | -2851907:マルシェ:NO_VI | -1126190:マーケット:NO_VI | -2432360:売り物にする:NO_VI | -1753040:売れ口:NO_VI"
"places-19","","1538200","薬局","やっきょく","vi","hiệu thuốc","1","1","1","100","1","1","100","1","1","100","1","1","100","-1538200:薬局:VI"
"places-19","","1538200","薬局","やっきょく","en","pharmacy","1","20","1","5","20","1","5","10","1","10","10","1","10","-1538200:薬局:VI | -1538190:薬学:NO_VI | -1538170:薬屋:NO_VI | -2513820:薬店:NO_VI | -2833463:薬科:NO_VI | -1107560:ファーマシー:NO_VI | -1662080:薬舗:NO_VI | -1088770:ドラッグストア:NO_VI | -2835958:薬種屋:NO_VI | -2832739:薬袋:NO_VI"
"places-19","","1538200","薬局","やっきょく","viAlias","nhà thuốc","1","1","1","100","1","1","100","1","1","100","1","1","100","-1538200:薬局:VI"
"places-20","","1522240","本屋","ほんや","vi","hiệu sách","1","0","0","0","1","1","100","0","0","0","1","1","100","-1522240:本屋:VI"
"places-20","","1522240","本屋","ほんや","en","bookshop","5","10","0","0","10","1","10","10","0","0","10","1","10","-1344120:書店:NO_VI | -1701760:書林:NO_VI | -1701970:書肆:NO_VI | -2843038:書舗:NO_VI | -1522240:本屋:VI | -1702080:書籍商:NO_VI | -1344160:書房:NO_VI | -2154760:古書店:NO_VI | -1266170:古本屋:NO_VI | -2836317:ブックカフェ:NO_VI"
"places-20","","1522240","本屋","ほんや","viAlias","nhà sách","1","0","0","0","1","1","100","0","0","0","1","1","100","-1522240:本屋:VI"
"places-20","","1522240","本屋","ほんや","enAlias","bookstore","3","17","0","0","17","1","5.88","10","0","0","10","1","10","-1701970:書肆:NO_VI | -2843038:書舗:NO_VI | -1522240:本屋:VI | -1702080:書籍商:NO_VI | -2513500:ブックストア:NO_VI | -1344120:書店:NO_VI | -1701760:書林:NO_VI | -1344160:書房:NO_VI | -1470840:覗く:NO_VI | -1983610:口述権:NO_VI"
"places-21","","1194560","花屋","はなや","vi","cửa hàng hoa","1","0","0","0","1","1","100","0","0","0","1","1","100","-1194560:花屋:VI"
"places-21","","1194560","花屋","はなや","en","florist","1","5","0","0","5","1","20","5","0","0","5","1","20","-1194560:花屋:VI | -1112930:フローリスト:NO_VI | -1626070:花鋏:NO_VI | -2855384:生花店:NO_VI | -2456250:植物区系:NO_VI"
"places-21","","1194560","花屋","はなや","viAlias","tiệm hoa","1","0","0","0","1","1","100","0","0","0","1","1","100","-1194560:花屋:VI"
"places-22","","1103480","パン屋","パンや","vi","tiệm bánh mì","1","0","0","0","1","1","100","0","0","0","1","1","100","-1103480:パン屋:VI"
"places-22","","1103480","パン屋","パンや","en","bakery","1","5","0","0","5","1","20","5","0","0","5","1","20","-1103480:パン屋:VI | -1119120:ベーカリー:NO_VI | -2865258:ブーランジェリー:NO_VI | -1924940:ベークオフ:NO_VI | -2815400:オンプレミス:NO_VI"
"places-23","","1122650","ホテル","ホテル","vi","khách sạn","1","1","1","100","1","1","100","1","1","100","1","1","100","-1122650:ホテル:VI"
"places-23","","1122650","ホテル","ホテル","en","hotel","1","20","1","5","20","1","5","10","1","10","10","1","10","-1122650:ホテル:VI | -1652300:客舎:NO_VI | -1916170:旅亭:NO_VI | -1916150:旅次:NO_VI | -2847230:テルホ:NO_VI | -1337190:宿:NO_VI | -2841504:イン:NO_VI | -1337240:宿舎:NO_VI | -2849507:旅店:NO_VI | -1897840:泊まり:NO_VI"
"places-24","","1553130","旅館","りょかん","vi","nhà trọ kiểu Nhật","1","0","0","0","1","1","100","0","0","0","1","1","100","-1553130:旅館:VI"
"places-24","","1553130","旅館","りょかん","en","Japanese inn","2","6","0","0","6","1","16.67","6","0","0","6","1","16.67","-1345200:女将:NO_VI | -1553130:旅館:VI | -2160600:大女将:NO_VI | -2160610:若女将:NO_VI | -2595270:逆さクラゲ:NO_VI | -2595250:連れ込み旅館:NO_VI"
"places-24","","1553130","旅館","りょかん","enAlias","ryokan","1","20","0","0","20","1","5","10","0","0","10","1","10","-1553130:旅館:VI | -1361130:振り:NO_VI | -1425860:仲居:NO_VI | -1553370:僚艦:NO_VI | -1345370:女中:NO_VI | -2756240:寮監:NO_VI | -1776030:涼感:NO_VI | -1814780:猟官:NO_VI | -5454792:石亭:NO_VI | -1554650:量感:NO_VI"
"places-25","","1252410","警察署","けいさつしょ","vi","đồn cảnh sát","1","1","1","100","2","2","100","1","1","100","2","2","100","-1252410:警察署:VI | -1272500:交番:VI"
"places-25","","1252410","警察署","けいさつしょ","en","police station","1","15","3","20","15","3","20","10","3","30","10","3","30","-1252410:警察署:VI | -1252390:警察:VI | -1457310:屯:NO_VI | -1457340:屯所:NO_VI | -1272500:交番:VI | -2152020:署:NO_VI | -2829868:来署:NO_VI | -2845626:署内:NO_VI | -2841107:所轄署:NO_VI | -1582940:派出所:NO_VI"
"places-26","","1350370","消防署","しょうぼうしょ","vi","trạm cứu hỏa","1","0","0","0","1","1","100","0","0","0","1","1","100","-1350370:消防署:VI"
"places-26","","1350370","消防署","しょうぼうしょ","en","fire station","1","5","0","0","5","1","20","5","0","0","5","1","20","-1350370:消防署:VI | -2829868:来署:NO_VI | -2845626:署内:NO_VI | -2131980:仮眠室:NO_VI | -2657520:消防署員:NO_VI"
"places-26","","1350370","消防署","しょうぼうしょ","viAlias","trạm cứu hoả","1","0","0","0","1","1","100","0","0","0","1","1","100","-1350370:消防署:VI"
"places-27","","1308760","市役所","しやくしょ","vi","tòa thị chính","1","0","0","0","1","1","100","0","0","0","1","1","100","-1308760:市役所:VI"
"places-27","","1308760","市役所","しやくしょ","en","city hall","3","8","0","0","8","1","12.5","8","0","0","8","1","12.5","-1060730:シティーホール:NO_VI | -2006830:市庁舎:NO_VI | -1308760:市役所:VI | -2851285:記載台:NO_VI | -2833939:長い物には巻かれよ:NO_VI | -2833938:長いものには巻かれろ:NO_VI | -2416920:泣く子と地頭には勝てぬ:NO_VI | -2740880:泣く子と地頭には勝てない:NO_VI"
"places-27","","1308760","市役所","しやくしょ","viAlias","toà thị chính","1","0","0","0","1","1","100","0","0","0","1","1","100","-1308760:市役所:VI"
"places-28","","1084810","トイレ","トイレ","vi","nhà vệ sinh","1","1","1","100","1","1","100","1","1","100","1","1","100","-1084810:トイレ:VI"
"places-28","","1084810","トイレ","トイレ","en","toilet","1","20","1","5","20","1","5","10","1","10","10","1","10","-1084810:トイレ:VI | -1512520:便所:NO_VI | -1678780:後架:NO_VI | -2726570:樋殿:NO_VI | -2702130:閑所:NO_VI | -1842610:雪隠:NO_VI | -1187020:化粧室:NO_VI | -2795470:大便所:NO_VI | -1002100:お手洗い:NO_VI | -1084830:トイレット:NO_VI"
"places-28","","1084810","トイレ","トイレ","enAlias","restroom","2","13","1","7.69","13","1","7.69","10","1","10","10","1","10","-1145330:レストルーム:NO_VI | -1084810:トイレ:VI | -1512520:便所:NO_VI | -2858681:ＷＣ:NO_VI | -1002100:お手洗い:NO_VI | -1174790:衛生:NO_VI | -1328020:手洗い:NO_VI | -1273960:公衆便所:NO_VI | -2861452:公共トイレ:NO_VI | -2620690:公衆トイレ:NO_VI"
"places-29","","1486680","美容院","びよういん","vi","tiệm làm tóc","1","0","0","0","1","1","100","0","0","0","1","1","100","-1486680:美容院:VI"
"places-29","","1486680","美容院","びよういん","en","hair salon","2","1","0","0","2","1","50","1","0","0","2","1","50","-2745450:ヘアサロン:NO_VI | -1486680:美容院:VI"
"places-30","","1409230","体育館","たいいくかん","vi","nhà thể thao","1","0","0","0","1","1","100","0","0","0","1","1","100","-1409230:体育館:VI"
"places-30","","1409230","体育館","たいいくかん","en","gymnasium","2","6","0","0","6","1","16.67","6","0","0","6","1","16.67","-1409590:体操場:NO_VI | -1409230:体育館:VI | -2014420:ギムナジウム:NO_VI | -1064880:ジム:NO_VI | -1933870:稽古場:NO_VI | -1073270:スポーツ倶楽部:NO_VI"
"family-01","","1192150","家族","かぞく","vi","gia đình","1","2","2","100","2","2","100","2","2","100","2","2","100","-1192150:家族:VI | -1191740:うち:VI"
"family-01","","1192150","家族","かぞく","en","family","1","20","2","10","20","2","10","10","1","10","10","1","10","-1192150:家族:VI | -1164440:一族:NO_VI | -1167020:一門:NO_VI | -1569830:眷属:NO_VI | -1108370:ファミリー:NO_VI | -2007620:掛かり付け:NO_VI | -1191750:家:NO_VI | -1405770:族:NO_VI | -1472970:輩:NO_VI | -1556040:類:NO_VI"
"family-02","","1497610","父","ちち","vi","bố","1","3","3","100","4","4","100","3","3","100","4","4","100","-1497610:父:VI | -1002590:お父さん:VI | -1602710:両親:VI | -1469570:燃える:VI"
"family-02","","1497610","父","ちち","en","father","1","20","2","10","20","2","10","10","2","20","10","2","20","-1497610:父:VI | -1002590:お父さん:VI | -2872882:父:NO_VI | -2872840:父:NO_VI | -2855223:とと:NO_VI | -1469820:乃父:NO_VI | -2856413:愚父:NO_VI | -2714220:椿堂:NO_VI | -2714210:椿庭:NO_VI | -1497670:父上:NO_VI"
"family-02","","1497610","父","ちち","viAlias","ba","1","25","18","72","25","18","72","10","3","30","10","6","60","-1497610:父:VI | -1396860:祖母:VI | -1002590:お父さん:VI | -1194290:火曜日:VI | -1365230:親戚:VI | -1283500:高校:VI | -1656020:文学士:NO_VI | -2029040:ば:NO_VI | -1355790:場:NO_VI | -1607320:把:NO_VI"
"family-02","","1497610","父","ちち","viAlias","cha","1","20","13","65","20","13","65","10","3","30","10","3","30","-1497610:父:VI | -1602710:両親:VI | -1422570:茶:VI | -2702090:ては:NO_VI | -2079230:甜茶:NO_VI | -5741780:貢茶:NO_VI | -2015330:飲茶:NO_VI | -2760080:叉焼包:NO_VI | -2855947:茶そば:NO_VI | -2869852:カチャッ:NO_VI"
"family-03","","1514990","母","はは","vi","mẹ","2","2","2","100","3","3","100","2","2","100","3","3","100","-1002650:お母さん:VI | -1514990:母:VI | -1602710:両親:VI"
"family-03","","1514990","母","はは","en","mother","1","20","2","10","20","2","10","10","2","20","10","2","20","-1514990:母:VI | -1002650:お母さん:VI | -2595640:お母:NO_VI | -1002370:お袋:NO_VI | -1345220:女親:NO_VI | -2858940:御母:NO_VI | -1515110:母上:NO_VI | -1783070:母君:NO_VI | -1515180:母堂:NO_VI | -1783120:母御:NO_VI"
"family-03","","1514990","母","はは","viAlias","má","1","1","1","100","15","15","100","1","1","100","10","10","100","-1514990:母:VI | -1002650:お母さん:VI | -1255060:血:VI | -1038350:カメラ:VI | -1077330:チーズ:VI | -1127140:マウス:VI | -1596390:掃除機:VI | -1390990:洗濯機:VI | -1485470:飛行機:VI | -1027180:エアコン:VI"
"family-04","","1602710","両親","りょうしん","vi","cha mẹ","1","0","0","0","1","1","100","0","0","0","1","1","100","-1602710:両親:VI"
"family-04","","1602710","両親","りょうしん","en","parents","1","20","0","0","20","1","5","10","0","0","10","1","10","-1602710:両親:VI | -1720920:親御:NO_VI | -1878110:ご両親:NO_VI | -2793170:親御さん:NO_VI | -2448490:ペアレンツ:NO_VI | -1365040:親:NO_VI | -1497630:父兄:NO_VI | -1497690:父母:NO_VI | -2580040:垂乳根:NO_VI | -1337190:宿:NO_VI"
"family-04","","1602710","両親","りょうしん","viAlias","bố mẹ","1","0","0","0","1","1","100","0","0","0","1","1","100","-1602710:両親:VI"
"family-05","","1396840","祖父","そふ","vi","ông","1","6","6","100","16","16","100","6","6","100","10","10","100","-1396840:祖父:VI | -1420160:男性:VI | -1446070:冬:VI | -1304970:仕事:VI | -1198550:会社:VI | -1273270:公園:VI | -1198560:会社員:VI | -1257240:嫌い:VI | -1390020:川:VI | -1382590:石鹸:VI"
"family-05","","1396840","祖父","そふ","en","grandfather","1","20","0","0","20","1","5","10","0","0","10","1","10","-1396840:祖父:VI | -2757740:エカシ:NO_VI | -2231000:爺さん:NO_VI | -2869479:おじい様:NO_VI | -2862540:ハラボジ:NO_VI | -2404900:爺ちゃん:NO_VI | -1002320:お祖父さん:NO_VI | -2799130:じいじ:NO_VI | -1956570:祖:NO_VI | -2848058:五逆:NO_VI"
"family-06","","1396860","祖母","そぼ","vi","bà","1","3","3","100","9","9","100","3","3","100","9","9","100","-1396860:祖母:VI | -1365230:親戚:VI | -1327190:手:VI | -1220210:机:VI | -1404630:足:VI | -1337270:宿題:VI | -1078630:テーブル:VI | -1313070:歯ブラシ:VI | -1040910:キーボード:VI"
"family-06","","1396860","祖母","そぼ","en","grandmother","3","20","0","0","20","1","5","10","0","0","10","1","10","-2854701:フチ:NO_VI | -2862393:太母:NO_VI | -1396860:祖母:VI | -1611140:婆さん:NO_VI | -2829866:おばあ様:NO_VI | -2862539:ハルモニ:NO_VI | -1002330:お祖母さん:NO_VI | -2799120:ばあば:NO_VI | -1581200:曾:NO_VI | -2848058:五逆:NO_VI"
"family-07","","1249900","兄","あに","vi","anh trai","1","1","1","100","1","1","100","1","1","100","1","1","100","-1249900:兄:VI"
"family-07","","1249900","兄","あに","en","older brother","1","20","1","5","20","1","5","10","1","10","10","1","10","-1249900:兄:VI | -2254970:兄:NO_VI | -1982360:兄上:NO_VI | -2669450:兄様:NO_VI | -2077260:兄者:NO_VI | -1890520:大兄:NO_VI | -1828640:愚兄:NO_VI | -1249910:兄さん:NO_VI | -2077270:兄者人:NO_VI | -1001830:お兄さん:NO_VI"
"family-07","","1249900","兄","あに","enAlias","elder brother","7","20","1","5","20","1","5","10","1","10","10","1","10","-2166690:兄い:NO_VI | -1249940:兄御:NO_VI | -2870806:兄様:NO_VI | -1249930:兄貴:NO_VI | -1406390:尊兄:NO_VI | -1856260:阿兄:NO_VI | -1249900:兄:VI | -2254970:兄:NO_VI | -1249910:兄さん:NO_VI | -1001830:お兄さん:NO_VI"
"family-08","","1307630","姉","あね","vi","chị gái","1","1","1","100","1","1","100","1","1","100","1","1","100","-1307630:姉:VI"
"family-08","","1307630","姉","あね","en","older sister","1","20","2","10","20","2","10","10","1","10","10","1","10","-1307630:姉:VI | -2266990:姉:NO_VI | -1307670:姉上:NO_VI | -2217290:愚姉:NO_VI | -2870804:姉さま:NO_VI | -2870803:姉さま:NO_VI | -1307640:姉さん:NO_VI | -1001990:お姉さん:NO_VI | -2190820:姉ちゃん:NO_VI | -2222580:お姉ちゃん:NO_VI"
"family-08","","1307630","姉","あね","enAlias","elder sister","7","19","1","5.26","19","1","5.26","10","1","10","10","1","10","-2706170:お姉:NO_VI | -1307660:姉御:NO_VI | -2830754:姉者:NO_VI | -1307650:姉貴:NO_VI | -2830753:姉者人:NO_VI | -2842464:チャンネー:NO_VI | -1307630:姉:VI | -2870804:姉さま:NO_VI | -2870803:姉さま:NO_VI | -1307640:姉さん:NO_VI"
"family-09","","1581930","弟","おとうと","vi","em trai","1","1","1","100","1","1","100","1","1","100","1","1","100","-1581930:弟:VI"
"family-09","","1581930","弟","おとうと","en","younger brother","1","20","1","5","20","1","5","10","1","10","10","1","10","-1581930:弟:VI | -2837087:弟:NO_VI | -2019980:弟君:NO_VI | -1828670:愚弟:NO_VI | -1436200:弟さん:NO_VI | -1853850:小弟:NO_VI | -2165070:亡弟:NO_VI | -1556240:令弟:NO_VI | -1474280:伯仲:NO_VI | -1307680:姉弟:NO_VI"
"family-10","","1524590","妹","いもうと","vi","em gái","1","1","1","100","1","1","100","1","1","100","1","1","100","-1524590:妹:VI"
"family-10","","1524590","妹","いもうと","en","younger sister","1","19","2","10.53","19","2","10.53","10","2","20","10","2","20","-1524590:妹:VI | -2785960:妹御:NO_VI | -2217270:愚妹:NO_VI | -1524600:妹さん:NO_VI | -2837087:弟:NO_VI | -2424580:小妹:NO_VI | -1581930:弟:VI | -2165140:亡妹:NO_VI | -1556290:令妹:NO_VI | -1578240:兄妹:NO_VI"
"family-11","","1404390","息子","むすこ","vi","con trai","1","0","0","0","1","1","100","0","0","0","1","1","100","-1404390:息子:VI"
"family-11","","1404390","息子","むすこ","en","son","7","22","2","9.09","22","3","13.64","10","0","0","10","1","10","-1585440:倅:NO_VI | -2843392:息:NO_VI | -2742890:男:NO_VI | -2855210:サン:NO_VI | -1556220:令息:NO_VI | -1307980:子息:NO_VI | -1404390:息子:VI | -1650960:愚息:NO_VI | -2109350:ご令息:NO_VI | -2611990:坊ちゃま:NO_VI"
"family-12","","1531190","娘","むすめ","vi","con gái","1","0","0","0","1","1","100","0","0","0","1","1","100","-1531190:娘:VI"
"family-12","","1531190","娘","むすめ","en","daughter","1","20","0","0","20","1","5","10","0","0","10","1","10","-1531190:娘:VI | -2216480:お嬢:NO_VI | -1556190:令嬢:NO_VI | -2575710:女君:NO_VI | -2862847:娘御:NO_VI | -1660700:息女:NO_VI | -2216530:愚女:NO_VI | -2160560:愛様:NO_VI | -2526360:あんこ:NO_VI | -1694880:お嬢様:NO_VI"
"family-13","","1496480","夫","おっと","vi","chồng","1","0","0","0","1","1","100","0","0","0","1","1","100","-1496480:夫:VI"
"family-13","","1496480","夫","おっと","en","husband","1","20","1","5","20","2","10","10","0","0","10","1","10","-1496480:夫:VI | -1531160:婿:NO_VI | -2463700:ハズ:NO_VI | -1496500:夫君:NO_VI | -1634470:宿六:NO_VI | -1634450:良人:NO_VI | -1634480:旦つく:NO_VI | -2798560:旦那様:NO_VI | -2798570:だんさん:NO_VI | -1095890:ハズバンド:NO_VI"
"family-14","","1294330","妻","つま","vi","vợ","1","0","0","0","1","1","100","0","0","0","1","1","100","-1294330:妻:VI"
"family-14","","1294330","妻","つま","en","wife","1","20","0","0","20","1","5","10","0","0","10","1","10","-1294330:妻:VI | -2076560:嬶:NO_VI | -2727430:太太:NO_VI | -1496540:夫人:NO_VI | -1179630:奥様:NO_VI | -1345420:女房:NO_VI | -1725770:妻室:NO_VI | -1192420:家内:NO_VI | -2817850:幻妻:NO_VI | -1245140:愚妻:NO_VI"
"family-15","","1307850","子供","こども","vi","trẻ em","1","1","1","100","1","1","100","1","1","100","1","1","100","-1307850:子供:VI"
"family-15","","1307850","子供","こども","en","child","1","20","1","5","20","1","5","10","1","10","10","1","10","-1307850:子供:VI | -1315010:児:NO_VI | -1307770:子:NO_VI | -2744640:子:NO_VI | -2216440:子:NO_VI | -2860678:童:NO_VI | -2842683:童:NO_VI | -1453920:童:NO_VI | -2232480:お子:NO_VI | -2751790:児子:NO_VI"
"family-15","","1307850","子供","こども","viAlias","con trẻ","1","0","0","0","1","1","100","0","0","0","1","1","100","-1307850:子供:VI"
"family-16","","1383260","赤ちゃん","あかちゃん","vi","em bé","1","0","0","0","1","1","100","0","0","0","1","1","100","-1383260:赤ちゃん:VI"
"family-16","","1383260","赤ちゃん","あかちゃん","en","baby","8","20","0","0","20","1","5","10","0","0","10","1","10","-2771710:稚:NO_VI | -2651630:小さ:NO_VI | -2870433:片子:NO_VI | -1624410:赤子:NO_VI | -1624420:赤子:NO_VI | -1119820:ベビー:NO_VI | -1383310:赤ん坊:NO_VI | -1383260:赤ちゃん:VI | -1173630:嬰児:NO_VI | -2859134:嬰児:NO_VI"
"family-17","","1540170","友達","ともだち","vi","bạn bè","1","1","1","100","1","1","100","1","1","100","1","1","100","-1540170:友達:VI"
"family-17","","1540170","友達","ともだち","en","friend","1","20","1","5","20","1","5","10","1","10","10","1","10","-1540170:友達:VI | -1539980:友:NO_VI | -2844332:友:NO_VI | -1018600:アミ:NO_VI | -2463630:ダチ:NO_VI | -1272550:交友:NO_VI | -1540150:友人:NO_VI | -1540020:友垣:NO_VI | -2529010:友子:NO_VI | -1540230:友朋:NO_VI"
"family-17","","1540170","友達","ともだち","viAlias","bạn","1","1","1","100","1","1","100","1","1","100","1","1","100","-1540170:友達:VI"
"family-18","","1558920","恋人","こいびと","vi","người yêu","1","0","0","0","1","1","100","0","0","0","1","1","100","-1558920:恋人:VI"
"family-18","","1558920","恋人","こいびと","en","sweetheart","4","8","0","0","8","1","12.5","8","0","0","8","1","12.5","-1825710:思い者:NO_VI | -1627720:意中の人:NO_VI | -2839092:スウィートハート:NO_VI | -1558920:恋人:VI | -1663400:情人:NO_VI | -2736740:想い人:NO_VI | -1722420:惚気:NO_VI | -1600550:のろけ話:NO_VI"
"family-19","","1555850","隣人","りんじん","vi","hàng xóm","1","0","0","0","1","1","100","0","0","0","1","1","100","-1555850:隣人:VI"
"family-19","","1555850","隣人","りんじん","en","neighbor","3","20","2","10","20","3","15","10","0","0","10","1","10","-2163190:隣る:NO_VI | -2826867:ご近所さん:NO_VI | -1555850:隣人:VI | -2218960:お隣さん:NO_VI | -2163200:相接する:NO_VI | -1555830:隣:NO_VI | -1394570:善隣:NO_VI | -2847928:お向かい:NO_VI | -1889370:善隣政策:NO_VI | -2865651:相隣関係:NO_VI"
"family-19","","1555850","隣人","りんじん","viAlias","người hàng xóm","1","0","0","0","1","1","100","0","0","0","1","1","100","-1555850:隣人:VI"
"family-19","","1555850","隣人","りんじん","enAlias","neighbour","1","20","1","5","20","2","10","10","0","0","10","1","10","-1555850:隣人:VI | -2218960:お隣さん:NO_VI | -2826867:ご近所さん:NO_VI | -1555830:隣:NO_VI | -2668710:右隣:NO_VI | -1285240:合壁:NO_VI | -1394570:善隣:NO_VI | -2668720:左隣:NO_VI | -2792300:上の人:NO_VI | -2826530:下の人:NO_VI"
"family-20","","1365230","親戚","しんせき","vi","họ hàng","1","0","0","0","1","1","100","0","0","0","1","1","100","-1365230:親戚:VI"
"family-20","","1365230","親戚","しんせき","en","relative","4","20","0","0","20","1","5","10","0","0","10","1","10","-2670360:族縁:NO_VI | -1704670:縁戚:NO_VI | -1177580:縁者:NO_VI | -1365230:親戚:VI | -1365270:親族:NO_VI | -1365420:親類:NO_VI | -1401180:相対的:NO_VI | -2798200:縁合い:NO_VI | -1704680:縁続き:NO_VI | -1365640:身寄り:NO_VI"
"family-20","","1365230","親戚","しんせき","viAlias","bà con","1","0","0","0","1","1","100","0","0","0","1","1","100","-1365230:親戚:VI"
"family-21","","1179140","甥","おい","vi","cháu trai","1","0","0","0","1","1","100","0","0","0","1","1","100","-1179140:甥:VI"
"family-21","","1179140","甥","おい","en","nephew","1","9","0","0","9","1","11.11","9","0","0","9","1","11.11","-1179140:甥:VI | -1541720:猶子:NO_VI | -2029420:甥御:NO_VI | -2138500:甥っ子:NO_VI | -2141130:令甥:NO_VI | -2872927:外甥:NO_VI | -2141170:又甥:NO_VI | -2106570:姪孫:NO_VI | -2832536:甥姪:NO_VI"
"family-22","","1532940","姪","めい","vi","cháu gái","1","0","0","0","1","1","100","0","0","0","1","1","100","-1532940:姪:VI"
"family-22","","1532940","姪","めい","en","niece","1","7","0","0","7","1","14.29","7","0","0","7","1","14.29","-1532940:姪:VI | -2029400:姪御:NO_VI | -2141140:姪っ子:NO_VI | -1556330:令姪:NO_VI | -2141180:又姪:NO_VI | -2106570:姪孫:NO_VI | -2832536:甥姪:NO_VI"
"family-23","","1406230","孫","まご","vi","cháu","1","0","0","0","3","3","100","0","0","0","3","3","100","-1406230:孫:VI | -1532940:姪:VI | -1179140:甥:VI"
"family-23","","1406230","孫","まご","en","grandchild","1","20","0","0","20","1","5","10","0","0","10","1","10","-1406230:孫:VI | -2231040:孫さん:NO_VI | -1002350:お孫さん:NO_VI | -2843407:孫:NO_VI | -1596430:ひ孫:NO_VI | -2020340:仍孫:NO_VI | -1556230:令孫:NO_VI | -1650500:初孫:NO_VI | -1650540:外孫:NO_VI | -1791540:愛孫:NO_VI"
"family-23","","1406230","孫","まご","viAlias","cháu nội","1","0","0","0","1","1","100","0","0","0","1","1","100","-1406230:孫:VI"
"family-23","","1406230","孫","まご","viAlias","cháu ngoại","1","0","0","0","1","1","100","0","0","0","1","1","100","-1406230:孫:VI"
"family-24","","1420160","男性","だんせい","vi","nam giới","1","0","0","0","1","1","100","0","0","0","1","1","100","-1420160:男性:VI"
"family-24","","1420160","男性","だんせい","en","man","7","20","1","5","20","3","15","10","0","0","10","3","30","-2870787:夫:NO_VI | -1419990:男:NO_VI | -2742850:男:NO_VI | -2868872:オム:NO_VI | -1129970:マン:NO_VI | -2727400:先生:NO_VI | -1420160:男性:VI | -1197610:画面:VI | -1080510:テレビ:VI | -2850285:メーン:NO_VI"
"family-24","","1420160","男性","だんせい","viAlias","đàn ông","1","0","0","0","1","1","100","0","0","0","1","1","100","-1420160:男性:VI"
"family-25","","1345250","女性","じょせい","vi","nữ giới","1","0","0","0","1","1","100","0","0","0","1","1","100","-1345250:女性:VI"
"family-25","","1345250","女性","じょせい","en","woman","7","20","0","0","20","1","5","10","0","0","10","1","10","-2860163:女:NO_VI | -1344930:女:NO_VI | -1344940:女:NO_VI | -1345230:女人:NO_VI | -2858064:女子:NO_VI | -1345140:女子:NO_VI | -1345250:女性:VI | -1345440:女流:NO_VI | -1496670:婦人:NO_VI | -1496650:婦女:NO_VI"
"family-25","","1345250","女性","じょせい","viAlias","phụ nữ","1","0","0","0","1","1","100","0","0","0","1","1","100","-1345250:女性:VI"
"family-26","","1414170","大人","おとな","vi","người lớn","1","0","0","0","1","1","100","0","0","0","1","1","100","-1414170:大人:VI"
"family-26","","1414170","大人","おとな","en","adult","1","20","1","5","20","2","10","10","0","0","10","1","10","-1414170:大人:VI | -2860067:大人:NO_VI | -1375740:成人:NO_VI | -1764190:成体:NO_VI | -1727700:一丁前:NO_VI | -1427390:丁年者:NO_VI | -1940010:成年者:NO_VI | -1016490:アダルト:NO_VI | -2865342:成人向け:NO_VI | -2862018:いっちょ前:NO_VI"
"family-27","","1453580","同僚","どうりょう","vi","đồng nghiệp","1","0","0","0","1","1","100","0","0","0","1","1","100","-1453580:同僚:VI"
"family-27","","1453580","同僚","どうりょう","en","colleague","6","20","0","0","20","1","5","10","0","0","10","1","10","-1553400:僚友:NO_VI | -1453540:同役:NO_VI | -1749030:相役:NO_VI | -1702540:社友:NO_VI | -1425790:仲間:NO_VI | -1453580:同僚:VI | -1453260:同輩:NO_VI | -1517130:朋輩:NO_VI | -2864506:ナカーマ:NO_VI | -1582350:同人:NO_VI"
"family-27","","1453580","同僚","どうりょう","enAlias","coworker","1","10","0","0","10","1","10","10","0","0","10","1","10","-1453580:同僚:VI | -1235320:共労者:NO_VI | -1234880:共同者:NO_VI | -2856480:コワーカー:NO_VI | -1425790:仲間:NO_VI | -1553400:僚友:NO_VI | -1235830:協力者:NO_VI | -2864506:ナカーマ:NO_VI | -2140560:社内結婚:NO_VI | -1123060:ホワイトデー:NO_VI"
"family-28","","1226630","客","きゃく","vi","khách","1","1","1","100","3","3","100","1","1","100","3","3","100","-1226630:客:VI | -1122650:ホテル:VI | -1580490:乗客:VI"
"family-28","","1226630","客","きゃく","en","guest","1","20","0","0","20","1","5","10","0","0","10","1","10","-1226630:客:VI | -1548230:来賓:NO_VI | -1001770:お客様:NO_VI | -1048550:ゲスト:NO_VI | -1753720:滞在客:NO_VI | -1001760:お客さん:NO_VI | -1652280:客人:NO_VI | -1685320:客分:NO_VI | -2686690:客賓:NO_VI | -1662910:浴客:NO_VI"
"family-29","","1334210","住民","じゅうみん","vi","cư dân","1","0","0","0","1","1","100","0","0","0","1","1","100","-1334210:住民:VI"
"family-29","","1334210","住民","じゅうみん","en","resident","10","20","0","0","20","1","5","10","0","0","10","1","10","-2790460:常在:NO_VI | -1741120:在住者:NO_VI | -2848711:在留者:NO_VI | -1717870:居住者:NO_VI | -1717930:居留民:NO_VI | -2756580:住まい手:NO_VI | -2830142:レジデント:NO_VI | -2836864:民:NO_VI | -1334110:住人:NO_VI | -1334210:住民:VI"
"weather-nature-01","","1438690","天気","てんき","vi","thời tiết","1","1","1","100","1","1","100","1","1","100","1","1","100","-1438690:天気:VI"
"weather-nature-01","","1438690","天気","てんき","en","weather","1","20","2","10","20","3","15","10","1","10","10","1","10","-1438690:天気:VI | -1438970:天候:NO_VI | -1439450:天色:NO_VI | -1439380:天象:NO_VI | -1464950:日和:NO_VI | -1222270:気象:NO_VI | -1002470:お天気:NO_VI | -2863867:曝れる:NO_VI | -1675640:空合い:NO_VI | -1173160:雲行き:NO_VI"
"weather-nature-02","","1171900","雨","あめ","vi","mưa","1","1","1","100","1","1","100","1","1","100","1","1","100","-1171900:雨:VI"
"weather-nature-02","","1171900","雨","あめ","en","rain","1","20","1","5","20","1","5","10","1","10","10","1","10","-1171900:雨:VI | -2850586:レーン:NO_VI | -2065020:ばらつく:NO_VI | -2851949:雨が降る:NO_VI | -1602970:降り込める:NO_VI | -2656100:六気:NO_VI | -1282810:降雨:NO_VI | -1586690:雨降り:NO_VI | -1574870:鯱:NO_VI | -1574875:鯱:NO_VI"
"weather-nature-03","","1386500","雪","ゆき","vi","tuyết","1","1","1","100","1","1","100","1","1","100","1","1","100","-1386500:雪:VI"
"weather-nature-03","","1386500","雪","ゆき","en","snow","1","20","1","5","20","1","5","10","1","10","10","1","10","-1386500:雪:VI | -1561280:六花:NO_VI | -1438580:天花:NO_VI | -2870289:深雪:NO_VI | -1071770:スノー:NO_VI | -1842260:雪月花:NO_VI | -1282910:降雪:NO_VI | -1853620:白い物:NO_VI | -2832274:スノーノイズ:NO_VI | -1841690:白銀:NO_VI"
"weather-nature-04","","1499720","風","かぜ","vi","gió","1","0","0","0","1","1","100","0","0","0","1","1","100","-1499720:風:VI"
"weather-nature-04","","1499720","風","かぜ","en","wind","1","20","0","0","20","1","5","10","0","0","10","1","10","-1499720:風:VI | -1211200:巻く:NO_VI | -1374440:畝る:NO_VI | -1001420:おなら:NO_VI | -2753340:弦管打:NO_VI | -1025225:ウインド:NO_VI | -2807430:巻き取る:NO_VI | -2833941:ねじを巻く:NO_VI | -2856372:屁:NO_VI | -2656100:六気:NO_VI"
"weather-nature-05","","1173100","雲","くも","vi","mây","1","0","0","0","1","1","100","0","0","0","1","1","100","-1173100:雲:VI"
"weather-nature-05","","1173100","雲","くも","en","cloud","1","20","0","0","20","1","5","10","0","0","10","1","10","-1173100:雲:VI | -1833130:雲気:NO_VI | -1920050:クラウド:NO_VI | -2402630:曇らせる:NO_VI | -1614790:陰り:NO_VI | -1592340:曇り:NO_VI | -1833170:雲居:NO_VI | -1445620:土埃:NO_VI | -1702370:土煙:NO_VI | -1457560:曇る:NO_VI"
"weather-nature-06","","1531110","霧","きり","vi","sương mù","1","0","0","0","1","1","100","0","0","0","1","1","100","-1531110:霧:VI"
"weather-nature-06","","1531110","霧","きり","en","fog","1","20","0","0","20","1","5","10","0","0","10","1","10","-1531110:霧:VI | -1110480:フォグ:NO_VI | -2268870:細小波:NO_VI | -1177340:煙霧:NO_VI | -1823530:狭霧:NO_VI | -1592340:曇り:NO_VI | -2598420:夏霧:NO_VI | -1537130:夜霧:NO_VI | -1755770:山霧:NO_VI | -1457560:曇る:NO_VI"
"weather-nature-07","","1585060","雷","かみなり","vi","sấm","1","0","0","0","1","1","100","0","0","0","1","1","100","-1585060:雷:VI"
"weather-nature-07","","1585060","雷","かみなり","en","thunder","13","20","0","0","20","1","5","10","0","0","10","0","0","-2868307:雷:NO_VI | -1440460:天雷:NO_VI | -2740730:雷公:NO_VI | -2740740:雷様:NO_VI | -2683660:雷霆:NO_VI | -1548470:雷鳴:NO_VI | -1574110:霹靂:NO_VI | -2736670:鳴神:NO_VI | -1659970:サンダー:NO_VI | -2795440:雷が鳴る:NO_VI"
"weather-nature-08","","1549340","嵐","あらし","vi","bão","1","0","0","0","2","2","100","0","0","0","2","2","100","-1549340:嵐:VI | -1596780:台風:VI"
"weather-nature-08","","1549340","嵐","あらし","en","storm","1","20","0","0","20","1","5","10","0","0","10","1","10","-1549340:嵐:VI | -1519540:暴風:NO_VI | -1070810:ストーム:NO_VI | -1449940:討ち入る:NO_VI | -1624620:風波:NO_VI | -1786120:大降り:NO_VI | -1850830:息巻く:NO_VI | -1519550:暴風雨:NO_VI | -2463010:殴りこむ:NO_VI | -1816300:雨あられ:NO_VI"
"weather-nature-09","","1596780","台風","たいふう","vi","bão nhiệt đới","1","0","0","0","1","1","100","0","0","0","1","1","100","-1596780:台風:VI"
"weather-nature-09","","1596780","台風","たいふう","en","typhoon","1","20","0","0","20","1","5","10","0","0","10","1","10","-1596780:台風:VI | -1648360:タイフーン:NO_VI | -1574410:颶風:NO_VI | -1161270:一過:NO_VI | -1354480:上陸:NO_VI | -1477680:発達:NO_VI | -1364880:神風:NO_VI | -1484440:被災:NO_VI | -1433070:通過:NO_VI | -2177880:雑節:NO_VI"
"weather-nature-10","","1463740","虹","にじ","vi","cầu vồng","1","0","0","0","1","1","100","0","0","0","1","1","100","-1463740:虹:VI"
"weather-nature-10","","1463740","虹","にじ","en","rainbow","1","20","0","0","20","1","5","10","0","0","10","1","10","-1463740:虹:VI | -1874980:虹霓:NO_VI | -2838612:蝃蝀:NO_VI | -2059970:レインボー:NO_VI | -1326020:主虹:NO_VI | -1500630:副虹:NO_VI | -2842761:夕虹:NO_VI | -2694820:月虹:NO_VI | -2842762:朝虹:NO_VI | -1901930:白虹:NO_VI"
"weather-nature-11","","1408370","太陽","たいよう","vi","mặt trời","1","0","0","0","1","1","100","0","0","0","1","1","100","-1408370:太陽:VI"
"weather-nature-11","","1408370","太陽","たいよう","en","sun","4","20","0","0","20","1","5","10","0","0","10","1","10","-1956530:寸:NO_VI | -2848543:陽:NO_VI | -1058210:サン:NO_VI | -1408370:太陽:VI | -1464930:日輪:NO_VI | -2870356:紅鏡:NO_VI | -2435140:金烏:NO_VI | -2868344:飛輪:NO_VI | -2870186:山沢損:NO_VI | -2463430:ソレイユ:NO_VI"
"weather-nature-12","","1255430","月","つき","vi","mặt trăng","1","0","0","0","1","1","100","0","0","0","1","1","100","-1255430:月:VI"
"weather-nature-12","","1255430","月","つき","en","moon","1","20","0","0","20","1","5","10","0","0","10","1","10","-1255430:月:VI | -1787390:太陰:NO_VI | -2518840:月読:NO_VI | -1806390:月輪:NO_VI | -1873160:桂月:NO_VI | -2435170:玄兎:NO_VI | -2435130:玉兎:NO_VI | -2858817:玉輪:NO_VI | -1132270:ムーン:NO_VI | -1255460:月の輪:NO_VI"
"weather-nature-13","","1376310","星","ほし","vi","ngôi sao","1","0","0","0","1","1","100","0","0","0","1","1","100","-1376310:星:VI"
"weather-nature-13","","1376310","星","ほし","en","star","1","20","0","0","20","1","5","10","0","0","10","1","10","-1376310:星:VI | -1278780:恒星:NO_VI | -1940170:星印:NO_VI | -1751650:星斗:NO_VI | -2190640:星月:NO_VI | -2838128:星章:NO_VI | -2190630:白額:NO_VI | -2701560:お星様:NO_VI | -1069210:スター:NO_VI | -1325060:主演者:NO_VI"
"weather-nature-14","","1245290","空","そら","vi","bầu trời","1","0","0","0","1","1","100","0","0","0","1","1","100","-1245290:空:VI"
"weather-nature-14","","1245290","空","そら","en","sky","3","20","0","0","20","1","5","10","0","0","10","1","10","-2848784:天:NO_VI | -1438210:天:NO_VI | -1245290:空:VI | -1353960:上天:NO_VI | -1353020:上空:NO_VI | -1227400:久方:NO_VI | -1243830:九天:NO_VI | -1438880:天空:NO_VI | -1833170:雲居:NO_VI | -2728080:霄漢:NO_VI"
"weather-nature-15","","1201190","海","うみ","vi","biển","1","0","0","0","1","1","100","0","0","0","1","1","100","-1201190:海:VI"
"weather-nature-15","","1201190","海","うみ","en","sea","1","20","0","0","20","1","5","10","0","0","10","1","10","-1201190:海:VI | -2188040:シー:NO_VI | -1201460:海上:NO_VI | -1201340:海原:NO_VI | -1201790:海洋:NO_VI | -1201780:海面:NO_VI | -2740960:洋:NO_VI | -1182500:沖:NO_VI | -2866951:潮:NO_VI | -1428620:潮:NO_VI"
"weather-nature-15","","1201190","海","うみ","enAlias","ocean","9","20","0","0","20","1","5","10","0","0","10","1","10","-1650550:外海:NO_VI | -1628130:大洋:NO_VI | -1413200:大海:NO_VI | -1201340:海原:NO_VI | -1201790:海洋:NO_VI | -2718020:海漫:NO_VI | -1178410:遠洋:NO_VI | -1031640:オーシャン:NO_VI | -1201190:海:VI | -1613960:外洋:NO_VI"
"weather-nature-16","","1390020","川","かわ","vi","sông","1","0","0","0","1","1","100","0","0","0","1","1","100","-1390020:川:VI"
"weather-nature-16","","1390020","川","かわ","en","river","1","20","0","0","20","1","5","10","0","0","10","1","10","-1390020:川:VI | -2865038:リバー:NO_VI | -2586010:河渠:NO_VI | -2586020:渠河:NO_VI | -1349380:床:NO_VI | -2229860:江:NO_VI | -2776140:霾:NO_VI | -2722290:魞:NO_VI | -1186560:下流:NO_VI | -1390080:川上:NO_VI"
"weather-nature-17","","1267280","湖","みずうみ","vi","hồ","1","1","1","100","5","5","100","1","1","100","5","5","100","-1267280:湖:VI | -1316140:時計:VI | -1562870:腕時計:VI | -1496480:夫:VI | -1204810:柿:VI"
"weather-nature-17","","1267280","湖","みずうみ","en","lake","2","20","0","0","20","1","5","10","0","0","10","1","10","-2087990:湖:NO_VI | -1267280:湖:VI | -1267310:湖水:NO_VI | -1267290:湖沼:NO_VI | -2863288:レーキ:NO_VI | -1144280:レーク:NO_VI | -2856102:親水公園:NO_VI | -2229860:江:NO_VI | -1659020:取水:NO_VI | -1950310:塩湖:NO_VI"
"weather-nature-18","","1302680","山","やま","vi","núi","1","0","0","0","1","1","100","0","0","0","1","1","100","-1302680:山:VI"
"weather-nature-18","","1302680","山","やま","en","mountain","2","20","0","0","20","1","5","10","0","0","10","1","10","-2647220:山:NO_VI | -1302680:山:VI | -1207210:岳:NO_VI | -2580710:お山:NO_VI | -1755140:山辺:NO_VI | -1120040:ベルグ:NO_VI | -1127180:マウンテン:NO_VI | -2861383:峰巒:NO_VI | -1186070:下道:NO_VI | -1641780:深山:NO_VI"
"weather-nature-19","","1362490","森","もり","vi","rừng","1","0","0","0","1","1","100","0","0","0","1","1","100","-1362490:森:VI"
"weather-nature-19","","1362490","森","もり","en","forest","1","20","0","0","20","2","10","10","0","0","10","2","20","-1362490:森:VI | -1362530:森林:NO_VI | -1692500:樹林:NO_VI | -2149830:フォレスト:NO_VI | -2872484:フォーレスト:NO_VI | -1555440:林:NO_VI | -2842037:里地里山:NO_VI | -1302680:山:VI | -1235940:喬木:NO_VI | -1173580:営林:NO_VI"
"weather-nature-20","","1534520","木","き","vi","cây","1","1","1","100","3","3","100","1","1","100","3","3","100","-1534520:木:VI | -1193060:果物:VI | -1065950:ジュース:VI"
"weather-nature-20","","1534520","木","き","en","tree","1","20","1","5","20","2","10","10","1","10","10","2","20","-1534520:木:VI | -1807170:木本:NO_VI | -1330400:樹木:NO_VI | -1078490:ツリー:NO_VI | -1555480:りんご:VI | -1577640:幹:NO_VI | -1349860:松:NO_VI | -1538490:柳:NO_VI | -1250890:桂:NO_VI | -1240710:桐:NO_VI"
"weather-nature-21","","1194500","花","はな","vi","hoa","1","22","9","40.91","21","15","71.43","10","7","70","10","9","90","-1194500:花:VI | -1193060:果物:VI | -1193950:火事:VI | -1443530:電車:VI | -1193880:火災:VI | -1197120:画家:VI | -1194560:花屋:VI | -2862019:ホア族:NO_VI | -1350350:消防士:VI | -1350370:消防署:VI"
"weather-nature-21","","1194500","花","はな","en","flower","1","20","0","0","20","2","10","10","0","0","10","1","10","-1194500:花:VI | -1401940:草花:NO_VI | -2074310:フラワー:NO_VI | -1297210:咲く:NO_VI | -1628110:精華:NO_VI | -1659390:花き:NO_VI | -2443250:花開く:NO_VI | -2863474:お花:NO_VI | -1552090:流:NO_VI | -2066600:菫:NO_VI"
"weather-nature-22","","1401910","草","くさ","vi","cỏ","1","0","0","0","1","1","100","0","0","0","1","1","100","-1401910:草:VI"
"weather-nature-22","","1401910","草","くさ","en","grass","1","20","0","0","20","1","5","10","0","0","10","1","10","-1401910:草:VI | -2847461:グラス:NO_VI | -1521800:牧草:NO_VI | -1321650:芝生:NO_VI | -1422230:竹:NO_VI | -1956300:笹:NO_VI | -2256950:篶:NO_VI | -1209310:茅:NO_VI | -2244580:茅:NO_VI | -2414580:草:NO_VI"
"weather-nature-23","","1546550","葉","は","vi","lá","1","0","0","0","4","4","100","0","0","0","4","4","100","-1546550:葉:VI | -1172830:運転:VI | -1145450:レタス:VI | -1172870:運転手:VI"
"weather-nature-23","","1546550","葉","は","en","leaf","1","20","0","0","20","1","5","10","0","0","10","1","10","-1546550:葉:VI | -1727980:一片:NO_VI | -2828961:掻敷:NO_VI | -2595460:木葉:NO_VI | -2863271:リーフ:NO_VI | -1534560:木の葉:NO_VI | -1611230:葉っぱ:NO_VI | -2020200:箔:NO_VI | -1475660:薄片:NO_VI | -2059090:艾:NO_VI"
"weather-nature-24","","1382440","石","いし","vi","đá","1","1","1","100","6","6","100","1","1","100","6","6","100","-1382440:石:VI | -1193950:火事:VI | -1593480:怖い:VI | -1233010:漁師:VI | -1313070:歯ブラシ:VI | -1770210:歯磨き粉:VI"
"weather-nature-24","","1382440","石","いし","en","stone","2","20","0","0","20","1","5","10","0","0","10","1","10","-1205510:核:NO_VI | -1382440:石:VI | -1570060:礫:NO_VI | -2856393:石塊:NO_VI | -1703090:石材:NO_VI | -2538790:石製:NO_VI | -2856392:石くれ:NO_VI | -1649700:石ころ:NO_VI | -1703200:石造り:NO_VI | -1920110:ストーン:NO_VI"
"weather-nature-25","","1291500","砂","すな","vi","cát","1","0","0","0","1","1","100","0","0","0","1","1","100","-1291500:砂:VI"
"weather-nature-25","","1291500","砂","すな","en","sand","1","20","0","0","20","1","5","10","0","0","10","1","10","-1291500:砂:VI | -1705080:真砂:NO_VI | -1754450:砂土:NO_VI | -2861558:砂色:NO_VI | -1058570:サンド:NO_VI | -1808260:目潰し:NO_VI | -2854495:鉄道林:NO_VI | -2846366:砂子:NO_VI | -2776140:霾:NO_VI | -1624160:土砂:NO_VI"
"weather-nature-26","","1445270","土","つち","vi","đất","1","1","1","100","2","2","100","1","1","100","2","2","100","-1445270:土:VI | -1592250:国:VI"
"weather-nature-26","","1445270","土","つち","en","soil","6","20","0","0","20","1","5","10","0","0","10","1","10","-2423330:土:NO_VI | -1445380:土壌:NO_VI | -1702420:土質:NO_VI | -2832354:壌土:NO_VI | -2864172:ソイル:NO_VI | -1445270:土:VI | -2423320:地:NO_VI | -1420730:地:NO_VI | -1445470:土地:NO_VI | -1178960:汚す:NO_VI"
"weather-nature-27","","1341000","春","はる","vi","mùa xuân","1","1","1","100","1","1","100","1","1","100","1","1","100","-1341000:春:VI"
"weather-nature-27","","1341000","春","はる","en","spring","1","20","1","5","20","1","5","10","1","10","10","1","10","-1341000:春:VI | -1390780:泉:NO_VI | -1419400:弾む:NO_VI | -2860487:弾機:NO_VI | -2146470:樋川:NO_VI | -2860486:発条:NO_VI | -1099490:発条:NO_VI | -2596290:芳春:NO_VI | -1637320:陽春:NO_VI | -1341040:春夏秋冬:NO_VI"
"weather-nature-27","","1341000","春","はる","viAlias","mùa xuân trong năm","1","0","0","0","1","1","100","0","0","0","1","1","100","-1341000:春:VI"
"weather-nature-28","","1191320","夏","なつ","vi","mùa hè","1","1","1","100","1","1","100","1","1","100","1","1","100","-1191320:夏:VI"
"weather-nature-28","","1191320","夏","なつ","en","summer","1","20","1","5","20","1","5","10","1","10","10","1","10","-1191320:夏:VI | -2457950:夏:NO_VI | -1243610:九夏:NO_VI | -1057650:サマー:NO_VI | -1883440:暑を避ける:NO_VI | -2280720:アナログ加算器:NO_VI | -1589900:夏季:NO_VI | -2596790:炎陽:NO_VI | -1341040:春夏秋冬:NO_VI | -1460540:南風:NO_VI"
"weather-nature-29","","1332650","秋","あき","vi","mùa thu","1","1","1","100","1","1","100","1","1","100","1","1","100","-1332650:秋:VI"
"weather-nature-29","","1332650","秋","あき","en","autumn","1","20","1","5","20","1","5","10","1","10","10","1","10","-1332650:秋:VI | -2869364:白秋:NO_VI | -1818400:草枯れ:NO_VI | -2458850:オータム:NO_VI | -2841055:味覚の秋:NO_VI | -2841057:実りの秋:NO_VI | -2841059:芸術の秋:NO_VI | -2841006:読書の秋:NO_VI | -2841056:食欲の秋:NO_VI | -2841058:スポーツの秋:NO_VI"
"weather-nature-29","","1332650","秋","あき","enAlias","fall","","20","0","0","20","0","0","10","0","0","10","0","0","-1434250:低下:NO_VI | -1434770:低落:NO_VI | -2804550:倒る:NO_VI | -1432240:墜落:NO_VI | -1303490:散る:NO_VI | -1263200:減収:NO_VI | -2013510:落つ:NO_VI | -1548650:落下:NO_VI | -1619700:転倒:NO_VI | -1441370:転落:NO_VI"
"weather-nature-30","","1446070","冬","ふゆ","vi","mùa đông","1","1","1","100","1","1","100","1","1","100","1","1","100","-1446070:冬:VI"
"weather-nature-30","","1446070","冬","ふゆ","en","winter","1","20","1","5","20","1","5","10","1","10","10","1","10","-1446070:冬:VI | -2775300:冬月:NO_VI | -1610480:冬期:NO_VI | -1663830:玄冬:NO_VI | -2051130:読書三余:NO_VI | -1025210:ウィンター:NO_VI | -1446080:冬季:NO_VI | -2036490:榎:NO_VI | -2457980:臘:NO_VI | -1301270:三冬:NO_VI"
"emotions-personality-01","","1219510","嬉しい","うれしい","vi","vui mừng","1","0","0","0","1","1","100","0","0","0","1","1","100","-1219510:嬉しい:VI"
"emotions-personality-01","","1219510","嬉しい","うれしい","en","glad","1","20","0","0","20","1","5","10","0","0","10","1","10","-1219510:嬉しい:VI | -1614400:喜ばしい:NO_VI | -1218760:喜ぶ:NO_VI | -1560740:朗報:NO_VI | -1501050:福音:NO_VI | -1605870:良く:NO_VI | -1601150:晴れ着:NO_VI | -1161670:一喜一憂:NO_VI | -1219520:嬉しがる:NO_VI | -1625780:初めまして:NO_VI"
"emotions-personality-02","","1483190","悲しい","かなしい","vi","buồn","1","0","0","0","2","2","100","0","0","0","2","2","100","-1483190:悲しい:VI | -1596750:退屈:VI"
"emotions-personality-02","","1483190","悲しい","かなしい","en","sad","4","20","0","0","20","1","5","10","0","0","10","1","10","-2559890:寂々:NO_VI | -2846418:悒々:NO_VI | -1150150:哀れ気:NO_VI | -1483190:悲しい:VI | -1642040:物悲しい:NO_VI | -2036200:うら悲しい:NO_VI | -1483370:悲愴:NO_VI | -2849490:悵然:NO_VI | -1303280:惨め:NO_VI | -1540730:憂い:NO_VI"
"emotions-personality-03","","1445690","怒る","おこる","vi","tức giận","1","0","0","0","1","1","100","0","0","0","1","1","100","-1445690:怒る:VI"
"emotions-personality-03","","1445690","怒る","おこる","en","get angry","2","18","0","0","18","1","5.56","10","0","0","10","1","10","-2859682:怒る:NO_VI | -1445690:怒る:VI | -2119260:キレる:NO_VI | -2867351:業沸く:NO_VI | -2132880:腹立つ:NO_VI | -2827428:頭くる:NO_VI | -2867352:業が沸く:NO_VI | -1626220:腹が立つ:NO_VI | -1450720:頭にくる:NO_VI | -2035390:いきり立つ:NO_VI"
"emotions-personality-03","","1445690","怒る","おこる","viAlias","nổi giận","1","0","0","0","1","1","100","0","0","0","1","1","100","-1445690:怒る:VI"
"emotions-personality-04","","1207240","楽しい","たのしい","vi","vui vẻ","1","0","0","0","1","1","100","0","0","0","1","1","100","-1207240:楽しい:VI"
"emotions-personality-04","","1207240","楽しい","たのしい","en","enjoyable","1","9","1","11.11","9","1","11.11","9","1","11.11","9","1","11.11","-1207240:楽しい:VI | -2172530:怡然:NO_VI | -1538560:愉快:NO_VI | -1533580:面白い:NO_VI | -1812090:面白おかしい:NO_VI | -2687040:楽事:NO_VI | -2571370:煕々:NO_VI | -2872429:楽しがる:NO_VI | -2102210:憂さを晴らす:NO_VI"
"emotions-personality-05","","1579720","寂しい","さびしい","vi","cô đơn","1","0","0","0","1","1","100","0","0","0","1","1","100","-1579720:寂しい:VI"
"emotions-personality-05","","1579720","寂しい","さびしい","en","lonely","8","20","0","0","20","1","5","10","0","0","10","1","10","-2860350:寂寞:NO_VI | -1733850:寂寞:NO_VI | -1579730:寂然:NO_VI | -1834830:寥々:NO_VI | -1676200:空閨:NO_VI | -2849498:蕭然:NO_VI | -2100220:蕭索:NO_VI | -1579720:寂しい:VI | -2841162:ロンリー:NO_VI | -1360710:心寂しい:NO_VI"
"emotions-personality-06","","1593480","怖い","こわい","vi","đáng sợ","1","0","0","0","1","1","100","0","0","0","1","1","100","-1593480:怖い:VI"
"emotions-personality-06","","1593480","怖い","こわい","en","scary","1","10","0","0","10","1","10","10","0","0","10","1","10","-1593480:怖い:VI | -2827245:こええ:NO_VI | -2828343:いびせい:NO_VI | -1001330:おっかない:NO_VI | -1525330:末恐ろしい:NO_VI | -2828902:恐ロシア:NO_VI | -2563830:恐怖物語:NO_VI | -2693020:トラウマ級:NO_VI | -2269940:幽霊の正体見たり枯れ尾花:NO_VI | -2847494:行きはよいよい帰りは怖い:NO_VI"
"emotions-personality-06","","1593480","怖い","こわい","viAlias","sợ hãi","1","0","0","0","1","1","100","0","0","0","1","1","100","-1593480:怖い:VI"
"emotions-personality-07","","1360930","心配","しんぱい","vi","lo lắng","1","0","0","0","1","1","100","0","0","0","1","1","100","-1360930:心配:VI"
"emotions-personality-07","","1360930","心配","しんぱい","en","worry","4","20","0","0","20","1","5","10","0","0","10","1","10","-1246630:屈託:NO_VI | -1694270:御念:NO_VI | -1647090:心痛:NO_VI | -1360930:心配:VI | -1643280:悩乱:NO_VI | -1257720:懸念:NO_VI | -2107290:気骨:NO_VI | -1855030:煩い:NO_VI | -2861485:煩う:NO_VI | -1481990:煩悶:NO_VI"
"emotions-personality-08","","1153890","安心","あんしん","vi","yên tâm","1","0","0","0","1","1","100","0","0","0","1","1","100","-1153890:安心:VI"
"emotions-personality-08","","1153890","安心","あんしん","en","relief","16","20","0","0","20","1","5","10","0","0","10","0","0","-1154170:安堵:NO_VI | -1229200:救助:NO_VI | -2841892:救恤:NO_VI | -1229070:救援:NO_VI | -1229150:救済:NO_VI | -1229120:救護:NO_VI | -1214530:緩和:NO_VI | -2590110:陽刻:NO_VI | -1143270:リリーフ:NO_VI | -2868157:レリーフ:NO_VI"
"emotions-personality-09","","1238680","驚く","おどろく","vi","ngạc nhiên","1","0","0","0","1","1","100","0","0","0","1","1","100","-1238680:驚く:VI"
"emotions-personality-09","","1238680","驚く","おどろく","en","be surprised","2","7","0","0","7","1","14.29","7","0","0","7","1","14.29","-1226360:吃驚:NO_VI | -1238680:驚く:VI | -2144580:目を白黒させる:NO_VI | -2858689:バビる:NO_VI | -1535110:目が点になる:NO_VI | -2096500:ビビる:NO_VI | -2860977:驚くなかれ:NO_VI"
"emotions-personality-10","","1596750","退屈","たいくつ","vi","buồn chán","1","0","0","0","1","1","100","0","0","0","1","1","100","-1596750:退屈:VI"
"emotions-personality-10","","1596750","退屈","たいくつ","en","boredom","5","14","0","0","15","1","6.67","10","0","0","10","1","10","-1673070:無聊:NO_VI | -2040790:無為無聊:NO_VI | -1256050:倦怠:NO_VI | -1649680:徒然:NO_VI | -1596750:退屈:VI | -1609020:飽き:NO_VI | -1222530:気づかれ:NO_VI | -1020510:アンニュイ:NO_VI | -1639440:気が紛れる:NO_VI | -1246630:屈託:NO_VI"
"emotions-personality-11","","1421630","恥ずかしい","はずかしい","vi","xấu hổ","1","0","0","0","1","1","100","0","0","0","1","1","100","-1421630:恥ずかしい:VI"
"emotions-personality-11","","1421630","恥ずかしい","はずかしい","en","embarrassed","11","20","0","0","20","1","5","10","0","0","10","0","0","-1643620:面映い:NO_VI | -2872989:顔ない:NO_VI | -2828368:は文字い:NO_VI | -1254160:きまり悪い:NO_VI | -2773860:恥ずかしげ:NO_VI | -2576620:きまりが悪い:NO_VI | -1639480:気恥ずかしい:NO_VI | -2009200:どぎまぎ:NO_VI | -2869539:ドキマギ:NO_VI | -2083670:間が悪い:NO_VI"
"emotions-personality-12","","1241880","緊張","きんちょう","vi","căng thẳng","1","0","0","0","1","1","100","0","0","0","1","1","100","-1241880:緊張:VI"
"emotions-personality-12","","1241880","緊張","きんちょう","en","tension","3","20","0","0","20","1","5","10","0","0","10","1","10","-1427760:張り:NO_VI | -1623160:張力:NO_VI | -1241880:緊張:VI | -1241890:緊迫:NO_VI | -1385160:切迫:NO_VI | -1562480:歪力:NO_VI | -2428940:緊張感:NO_VI | -2520600:引っ張り:NO_VI | -2666020:緊張関係:NO_VI | -2538670:ストレイン:NO_VI"
"emotions-personality-13","","1539040","優しい","やさしい","vi","dịu dàng","1","0","0","0","1","1","100","0","0","0","1","1","100","-1539040:優しい:VI"
"emotions-personality-13","","1539040","優しい","やさしい","en","gentle","16","20","0","0","20","3","15","10","0","0","10","0","0","-1539020:優:NO_VI | -1335510:柔和:NO_VI | -1183380:温厚:NO_VI | -1183580:温良:NO_VI | -1183620:穏便:NO_VI | -1539050:優しげ:NO_VI | -1414190:大人しい:NO_VI | -2836576:手柔らか:NO_VI | -2075720:お手柔らか:NO_VI | -2702810:ジェントル:NO_VI"
"emotions-personality-13","","1539040","優しい","やさしい","viAlias","tốt bụng","1","0","0","0","1","1","100","0","0","0","1","1","100","-1539040:優しい:VI"
"emotions-personality-14","","1365250","親切","しんせつ","vi","tử tế","1","0","0","0","1","1","100","0","0","0","1","1","100","-1365250:親切:VI"
"emotions-personality-14","","1365250","親切","しんせつ","en","kind","5","20","0","0","20","2","10","10","0","0","10","1","10","-2752640:彙:NO_VI | -1328810:種:NO_VI | -1556040:類:NO_VI | -1289820:懇ろ:NO_VI | -1365250:親切:VI | -1596870:類い:NO_VI | -2868831:カインド:NO_VI | -2050470:丁寧懇切:NO_VI | -2748960:心優しい:NO_VI | -2030940:懇切丁寧:NO_VI"
"emotions-personality-15","","1377590","正直","しょうじき","vi","trung thực","1","0","0","0","1","1","100","0","0","0","1","1","100","-1377590:正直:VI"
"emotions-personality-15","","1377590","正直","しょうじき","en","honest","5","20","0","0","20","1","5","10","0","0","10","1","10","-1615620:堅気:NO_VI | -2840413:実体:NO_VI | -1321390:実直:NO_VI | -1616010:廉潔:NO_VI | -1377590:正直:VI | -1378420:清廉:NO_VI | -1722850:物堅い:NO_VI | -2004520:実らしい:NO_VI | -2653620:がち:NO_VI | -1394560:善良:NO_VI"
"emotions-personality-16","","1364360","真面目","まじめ","vi","nghiêm túc","1","0","0","0","1","1","100","0","0","0","1","1","100","-1364360:真面目:VI"
"emotions-personality-16","","1364360","真面目","まじめ","en","serious","7","20","0","0","20","1","5","10","0","0","10","1","10","-2653620:がち:NO_VI | -1127680:まじ:NO_VI | -2643200:摯実:NO_VI | -1362730:深刻:NO_VI | -1363650:真剣:NO_VI | -1336500:重大:NO_VI | -1364360:真面目:VI | -1062930:シリアス:NO_VI | -1589360:重々しい:NO_VI | -2082140:大:NO_VI"
"emotions-personality-17","","1539730","勇敢","ゆうかん","vi","dũng cảm","1","0","0","0","1","1","100","0","0","0","1","1","100","-1539730:勇敢:VI"
"emotions-personality-17","","1539730","勇敢","ゆうかん","en","brave","2","20","0","0","20","1","5","10","0","0","10","1","10","-1519820:冒す:NO_VI | -1539730:勇敢:VI | -2847119:厳い:NO_VI | -1596880:武し:NO_VI | -2157450:ブレイブ:NO_VI | -1539660:勇ましい:NO_VI | -1442430:伝法:NO_VI | -1256140:健気:NO_VI | -1539850:勇壮:NO_VI | -1539920:勇猛:NO_VI"
"emotions-personality-18","","1182790","臆病","おくびょう","vi","nhút nhát","1","0","0","0","1","1","100","0","0","0","1","1","100","-1182790:臆病:VI"
"emotions-personality-18","","1182790","臆病","おくびょう","en","timid","9","20","0","0","20","1","5","10","0","0","10","1","10","-1324710:弱気:NO_VI | -1791110:気弱:NO_VI | -2871659:気弱い:NO_VI | -1929960:気が弱い:NO_VI | -2238550:気の弱い:NO_VI | -1221600:気が小さい:NO_VI | -2238560:気の小さい:NO_VI | -1458020:内気:NO_VI | -1182790:臆病:VI | -1747690:遠慮深い:NO_VI"
"emotions-personality-19","","1217680","頑固","がんこ","vi","bướng bỉnh","1","0","0","0","1","1","100","0","0","0","1","1","100","-1217680:頑固:VI"
"emotions-personality-19","","1217680","頑固","がんこ","en","stubborn","1","20","0","0","20","1","5","10","0","0","10","1","10","-1217680:頑固:VI | -1217660:頑強:NO_VI | -2086510:執念い:NO_VI | -2842955:情張り:NO_VI | -1885860:情が強い:NO_VI | -1625130:我が強い:NO_VI | -2238490:我の強い:NO_VI | -2030370:頑固一徹:NO_VI | -1165020:一徹:NO_VI | -2828302:偏固:NO_VI"
"emotions-personality-20","","1197020","我儘","わがまま","vi","ích kỷ","1","0","0","0","1","1","100","0","0","0","1","1","100","-1197020:我儘:VI"
"emotions-personality-20","","1197020","我儘","わがまま","en","selfish","4","20","0","0","20","1","5","10","0","0","10","1","10","-1908340:恣:NO_VI | -2714830:乱り:NO_VI | -2788090:恣心:NO_VI | -1197020:我儘:VI | -1726900:自儘:NO_VI | -1549540:利己的:NO_VI | -1641560:身勝手:NO_VI | -2407400:一人勝手:NO_VI | -1426690:虫がいい:NO_VI | -1426710:虫のいい:NO_VI"
"emotions-personality-21","","1557490","礼儀正しい","れいぎただしい","vi","lễ phép","1","0","0","0","1","1","100","0","0","0","1","1","100","-1557490:礼儀正しい:VI"
"emotions-personality-21","","1557490","礼儀正しい","れいぎただしい","en","polite","10","20","0","0","20","1","5","10","0","0","10","1","10","-1427360:丁寧:NO_VI | -1427290:丁重:NO_VI | -1566890:慇懃:NO_VI | -2733520:懇到:NO_VI | -2840712:ご丁寧:NO_VI | -1236790:恭しい:NO_VI | -2553670:礼やか:NO_VI | -1337340:淑やか:NO_VI | -2826524:お淑やか:NO_VI | -1557490:礼儀正しい:VI"
"emotions-personality-22","","1320230","失礼","しつれい","vi","bất lịch sự","1","0","0","0","1","1","100","0","0","0","1","1","100","-1320230:失礼:VI"
"emotions-personality-22","","1320230","失礼","しつれい","en","rude","","20","0","0","20","0","0","10","0","0","10","0","0","-2848112:無礼:NO_VI | -2844913:ルード:NO_VI | -1529670:無遠慮:NO_VI | -2789830:礼儀知らず:NO_VI | -2441570:いけぞんざい:NO_VI | -2816860:オジタリアン:NO_VI | -1919605:オバタリアン:NO_VI | -1495490:不埒:NO_VI | -1495530:不躾:NO_VI | -1616260:粗忽:NO_VI"
"emotions-personality-23","","1183590","穏やか","おだやか","vi","điềm đạm","1","0","0","0","1","1","100","0","0","0","1","1","100","-1183590:穏やか:VI"
"emotions-personality-23","","1183590","穏やか","おだやか","en","calm","15","20","0","0","20","1","5","10","0","0","10","0","0","-1459650:凪:NO_VI | -2849501:優々:NO_VI | -2820370:寧静:NO_VI | -1507540:平然:NO_VI | -1507530:平静:NO_VI | -1709410:従容:NO_VI | -1540700:悠然:NO_VI | -2172520:晏如:NO_VI | -2172510:晏然:NO_VI | -1410890:泰然:NO_VI"
"technology-01","","1053350","コンピュータ","コンピュータ","vi","máy tính","1","0","0","0","3","3","100","0","0","0","3","3","100","-1053350:コンピュータ:VI | -1127140:マウス:VI | -2257490:ノートパソコン:VI"
"technology-01","","1053350","コンピュータ","コンピュータ","en","computer","5","20","0","0","20","1","5","10","0","0","10","1","10","-1443300:電算:NO_VI | -1443710:電脳:NO_VI | -2843066:計算手:NO_VI | -1443420:電子計算機:NO_VI | -1053350:コンピュータ:VI | -1367600:人工頭脳:NO_VI | -1592560:計算機:NO_VI | -1040680:キー:NO_VI | -1352590:上位:NO_VI | -1205460:格納:NO_VI"
"technology-02","","2257490","ノートパソコン","ノートパソコン","vi","máy tính xách tay","1","0","0","0","1","1","100","0","0","0","1","1","100","-2257490:ノートパソコン:VI"
"technology-02","","2257490","ノートパソコン","ノートパソコン","en","laptop","3","15","0","0","15","2","13.33","10","0","0","10","2","20","-2397660:ノーパソ:NO_VI | -1139270:ラップトップ:NO_VI | -2257490:ノートパソコン:VI | -2831140:ラップトップパソコン:NO_VI | -2316740:ノートＰＣ:NO_VI | -2316810:ノート型パソコン:NO_VI | -2316800:ノート型コンピュータ:NO_VI | -1093450:ノート:VI | -2516990:ネットブック:NO_VI | -5747124:パワーブック:NO_VI"
"technology-03","","2304550","スマートフォン","スマートフォン","vi","điện thoại thông minh","1","0","0","0","1","1","100","0","0","0","1","1","100","-2304550:スマートフォン:VI"
"technology-03","","2304550","スマートフォン","スマートフォン","en","smartphone","2","20","0","0","20","1","5","10","0","0","10","1","10","-2641300:スマホ:NO_VI | -2304550:スマートフォン:VI | -2703640:多機能携帯電話:NO_VI | -1992780:高機能携帯電話:NO_VI | -2826454:ＳＰ:NO_VI | -2702580:裸族:NO_VI | -2827894:ガラホ:NO_VI | -2723310:自撮り:NO_VI | -2826495:ペア壁紙:NO_VI | -2847893:ロケハラ:NO_VI"
"technology-04","","1250690","携帯電話","けいたいでんわ","vi","điện thoại di động","1","1","1","100","1","1","100","1","1","100","1","1","100","-1250690:携帯電話:VI"
"technology-04","","1250690","携帯電話","けいたいでんわ","en","mobile phone","1","20","1","5","20","1","5","10","1","10","10","1","10","-1250690:携帯電話:VI | -1988830:移動電話:NO_VI | -2430780:モバイルフォン:NO_VI | -2850528:セルフォン:NO_VI | -2305650:セルラー電話:NO_VI | -1250680:携帯:NO_VI | -2184800:写メ:NO_VI | -2116700:携番:NO_VI | -2827894:ガラホ:NO_VI | -5740940:ドコモ:NO_VI"
"technology-04","","1250690","携帯電話","けいたいでんわ","enAlias","cellphone","1","14","0","0","15","1","6.67","10","0","0","10","1","10","-1250690:携帯電話:VI | -2614600:バリ３:NO_VI | -2844966:モバブ:NO_VI | -2640590:白ロム:NO_VI | -2627650:パカパカ:NO_VI | -2766180:情報端末:NO_VI | -2845527:緊急速報:NO_VI | -2794830:携帯メール:NO_VI | -2536430:０９０金融:NO_VI | -2825882:ＳＩＭフリー:NO_VI"
"technology-05","","1443840","電話","でんわ","vi","điện thoại","1","2","2","100","3","3","100","2","2","100","3","3","100","-1443840:電話:VI | -1250690:携帯電話:VI | -2304550:スマートフォン:VI"
"technology-05","","1443840","電話","でんわ","en","telephone","7","20","2","10","20","2","10","10","2","20","10","2","20","-1443870:電話機:NO_VI | -2834273:ＴＥＬ:NO_VI | -1080690:テレホン:NO_VI | -1896610:電話をかける:NO_VI | -2492250:フォーン:NO_VI | -2109210:伝言ゲーム:NO_VI | -1443840:電話:VI | -2498770:テレ:NO_VI | -2701830:お電話:NO_VI | -1522150:本:VI"
"technology-06","","1040910","キーボード","キーボード","vi","bàn phím","1","0","0","0","1","1","100","0","0","0","1","1","100","-1040910:キーボード:VI"
"technology-06","","1040910","キーボード","キーボード","en","keyboard","2","20","0","0","20","1","5","10","0","0","10","1","10","-1260520:鍵盤:NO_VI | -1040910:キーボード:VI | -1723170:文字盤:NO_VI | -1169250:引く:NO_VI | -1419370:弾く:NO_VI | -1473220:配列:NO_VI | -2865237:ＡＦＫ:NO_VI | -2848030:キーマウ:NO_VI | -2827827:パコパコ:NO_VI | -2380890:入力誤り:NO_VI"
"technology-07","","1127140","マウス","マウス","vi","chuột máy tính","1","0","0","0","1","1","100","0","0","0","1","1","100","-1127140:マウス:VI"
"technology-07","","1127140","マウス","マウス","en","computer mouse","1","1","0","0","2","1","50","1","0","0","2","1","50","-1127140:マウス:VI | -2069610:ホイールマウス:NO_VI"
"technology-08","","1197610","画面","がめん","vi","màn hình","1","0","0","0","2","2","100","0","0","0","2","2","100","-1197610:画面:VI | -1080510:テレビ:VI"
"technology-08","","1197610","画面","がめん","en","screen","2","20","0","0","20","1","5","10","0","0","10","1","10","-1564350:几帳:NO_VI | -1197610:画面:VI | -1243590:銀幕:NO_VI | -1799930:映写幕:NO_VI | -2826630:エクラン:NO_VI | -1068550:スクリーン:NO_VI | -1918270:篩:NO_VI | -2658040:下欄:NO_VI | -1348290:小楯:NO_VI | -1534390:網戸:NO_VI"
"technology-09","","1116270","プリンタ","プリンタ","vi","máy in","1","0","0","0","1","1","100","0","0","0","1","1","100","-1116270:プリンタ:VI"
"technology-09","","1116270","プリンタ","プリンタ","en","printer","4","20","0","0","20","1","5","10","0","0","10","1","10","-1168280:印刷人:NO_VI | -1930380:印刷屋:NO_VI | -1168250:印刷者:NO_VI | -1116270:プリンタ:VI | -2341610:印刷装置:NO_VI | -2341740:印字装置:NO_VI | -1168220:印刷工:NO_VI | -2016630:入稿:NO_VI | -2843991:摺師:NO_VI | -2418660:責了:NO_VI"
"technology-10","","1067970","スキャナー","スキャナー","vi","máy quét","1","0","0","0","1","1","100","0","0","0","1","1","100","-1067970:スキャナー:VI"
"technology-10","","1067970","スキャナー","スキャナー","en","scanner","2","20","0","0","20","1","5","10","0","0","10","1","10","-2371550:走査器:NO_VI | -1067970:スキャナー:VI | -2645720:走査装置:NO_VI | -2025230:通紙:NO_VI | -2353350:原稿台:NO_VI | -2355110:光学式走査器:NO_VI | -2314950:ドラムスキャナ:NO_VI | -2355080:光学式スキャナ:NO_VI | -2220030:ＣＴスキャナー:NO_VI | -2481840:カラースキャナー:NO_VI"
"technology-11","","1038350","カメラ","カメラ","vi","máy ảnh","1","0","0","0","1","1","100","0","0","0","1","1","100","-1038350:カメラ:VI"
"technology-11","","1038350","カメラ","カメラ","en","camera","1","20","0","0","20","1","5","10","0","0","10","1","10","-1038350:カメラ:VI | -1594660:写真機:NO_VI | -2546620:撮像機:NO_VI | -1011270:ぶれ:NO_VI | -2779760:ポラ:NO_VI | -1145780:レフ:NO_VI | -1334370:充填:NO_VI | -2810620:前玉:NO_VI | -2026830:引き:NO_VI | -1791640:愛機:NO_VI"
"technology-12","","1021880","イヤホン","イヤホン","vi","tai nghe","1","0","0","0","1","1","100","0","0","0","1","1","100","-1021880:イヤホン:VI"
"technology-12","","1021880","イヤホン","イヤホン","en","earphones","1","3","0","0","3","1","33.33","3","0","0","3","1","33.33","-1021880:イヤホン:VI | -2861790:イヤンホホ:NO_VI | -2867662:ワイヤレスイヤホン:NO_VI"
"technology-12","","1021880","イヤホン","イヤホン","enAlias","earbuds","1","4","0","0","5","1","20","4","0","0","5","1","20","-1021880:イヤホン:VI | -2868425:インイヤー型:NO_VI | -2868401:インナーイヤー型:NO_VI | -2868426:インナーイヤー式:NO_VI | -2867662:ワイヤレスイヤホン:NO_VI"
"technology-13","","1072240","スピーカー","スピーカー","vi","loa","1","20","0","0","20","2","10","10","0","0","10","2","20","-1072240:スピーカー:VI | -1292050:債:NO_VI | -1302680:山:VI | -1241380:斤:NO_VI | -1603450:矛:NO_VI | -1382450:石:NO_VI | -1922750:稗:NO_VI | -2423290:荷:NO_VI | -1195250:荷:NO_VI | -2648880:駄:NO_VI"
"technology-13","","1072240","スピーカー","スピーカー","en","speaker","9","20","0","0","20","1","5","10","0","0","10","1","10","-1512970:弁者:NO_VI | -1562380:話者:NO_VI | -1282280:講師:NO_VI | -1766350:演説家:NO_VI | -2197820:演説者:NO_VI | -1679320:発言者:NO_VI | -2827941:発話者:NO_VI | -1562330:話し手:NO_VI | -1072240:スピーカー:VI | -1176920:演者:NO_VI"
"technology-14","","1334400","充電器","じゅうでんき","vi","bộ sạc","1","0","0","0","1","1","100","0","0","0","1","1","100","-1334400:充電器:VI"
"technology-14","","1334400","充電器","じゅうでんき","en","charger","1","11","0","0","11","1","9.09","10","0","0","10","1","10","-1334400:充電器:VI | -2157140:チャージャー:NO_VI | -2844966:モバブ:NO_VI | -2858868:モバ充:NO_VI | -2860524:持ち充:NO_VI | -2542320:チャージ機:NO_VI | -2873059:急速充電器:NO_VI | -2837030:モバイルバッテリー:NO_VI | -1975720:過給機:NO_VI | -1957840:ターボチャージャー:NO_VI"
"technology-14","","1334400","充電器","じゅうでんき","viAlias","cục sạc","1","0","0","0","1","1","100","0","0","0","1","1","100","-1334400:充電器:VI"
"technology-14","","1334400","充電器","じゅうでんき","viAlias","sạc điện","1","0","0","0","1","1","100","0","0","0","1","1","100","-1334400:充電器:VI"
"technology-15","","1443620","電池","でんち","vi","pin","1","20","0","0","20","1","5","10","0","0","10","1","10","-1443620:電池:VI | -1107060:ピン:NO_VI | -1840220:留め針:NO_VI | -2426370:虫ピン:NO_VI | -1436840:釘:NO_VI | -1366210:針:NO_VI | -2854049:ツク棒:NO_VI | -1154610:暗証番号:NO_VI | -1418880:端子:NO_VI | -1310670:止める:NO_VI"
"technology-15","","1443620","電池","でんち","en","battery","3","20","0","0","20","1","5","10","0","0","10","1","10","-1710450:放列:NO_VI | -1747840:砲台:NO_VI | -1443620:電池:VI | -2699410:バタリー:NO_VI | -1099210:バッテリー:NO_VI | -1424890:中隊:NO_VI | -1412670:台場:NO_VI | -2851426:暴行罪:NO_VI | -1326220:主砲:NO_VI | -2791370:副砲:NO_VI"
"technology-16","","1048000","ケーブル","ケーブル","vi","dây cáp","1","0","0","0","1","1","100","0","0","0","1","1","100","-1048000:ケーブル:VI"
"technology-16","","1048000","ケーブル","ケーブル","en","cable","4","20","0","0","20","1","5","10","0","0","10","1","10","-1298340:索条:NO_VI | -1661540:鉄索:NO_VI | -2801660:電纜:NO_VI | -1048000:ケーブル:VI | -1274400:公電:NO_VI | -1909170:埋線:NO_VI | -1855400:碇綱:NO_VI | -1298380:索道:NO_VI | -1282720:鋼索:NO_VI | -1766010:電略:NO_VI"
"technology-17","","1075510","ソフトウェア","ソフトウェア","vi","phần mềm","1","0","0","0","1","1","100","0","0","0","1","1","100","-1075510:ソフトウェア:VI"
"technology-17","","1075510","ソフトウェア","ソフトウェア","en","software","1","20","0","0","20","1","5","10","0","0","10","1","10","-1075510:ソフトウェア:VI | -1582350:同人:NO_VI | -2869280:ウェア:NO_VI | -1075500:ソフト:NO_VI | -1208010:割れ:NO_VI | -2864920:ＡＰ:NO_VI | -5743175:ソフ倫:NO_VI | -2870650:デスマ:NO_VI | -5747149:ノーツ:NO_VI | -2854147:ボカロ:NO_VI"
"technology-18","","1018190","アプリ","アプリ","vi","ứng dụng","1","0","0","0","1","1","100","0","0","0","1","1","100","-1018190:アプリ:VI"
"technology-18","","1018190","アプリ","アプリ","en","app","1","20","1","5","20","2","10","10","0","0","10","1","10","-1018190:アプリ:VI | -2862956:マチアプ:NO_VI | -2834393:一般アプリ:NO_VI | -2834389:不正アプリ:NO_VI | -2834391:勝手アプリ:NO_VI | -2834388:詐欺アプリ:NO_VI | -2839165:辞書アプリ:NO_VI | -2834390:野良アプリ:NO_VI | -5742043:アップストア:NO_VI | -2865169:アプリストア:NO_VI"
"technology-18","","1018190","アプリ","アプリ","enAlias","application","","20","0","0","20","0","0","10","0","0","10","0","0","-1338500:出願:NO_VI | -1444320:塗布:NO_VI | -1180030:応募:NO_VI | -1180060:応用:NO_VI | -1363130:申請:NO_VI | -1437500:適用:NO_VI | -1218050:願書:NO_VI | -1816910:志願書:NO_VI | -1605150:申込書:NO_VI | -1217930:願い出:NO_VI"
"technology-19","","1022880","インターネット","インターネット","vi","mạng internet","1","0","0","0","1","1","100","0","0","0","1","1","100","-1022880:インターネット:VI"
"technology-19","","1022880","インターネット","インターネット","en","internet","2","20","0","0","20","1","5","10","0","0","10","1","10","-2589950:電網:NO_VI | -1022880:インターネット:VI | -1093020:ネット:NO_VI | -2028120:スレ:NO_VI | -2250370:トピ:NO_VI | -2733380:情弱:NO_VI | -5182699:楽天:NO_VI | -2150290:漫喫:NO_VI | -1177120:炎上:NO_VI | -1604130:祭り:NO_VI"
"technology-20","","1986140","ウェブサイト","ウェブサイト","vi","trang web","1","0","0","0","1","1","100","0","0","0","1","1","100","-1986140:ウェブサイト:VI"
"technology-20","","1986140","ウェブサイト","ウェブサイト","en","website","2","20","0","0","20","1","5","10","0","0","10","1","10","-2120610:ほめぱげ:NO_VI | -1986140:ウェブサイト:VI | -1647700:ＨＰ:NO_VI | -2077310:ホムペ:NO_VI | -1055810:サイト:NO_VI | -1648000:ホームページ:NO_VI | -2206370:キリリク:NO_VI | -2534640:出会い系:NO_VI | -2851704:本サイト:NO_VI | -2693330:裏サイト:NO_VI"
"technology-21","","1132620","メール","メール","vi","thư điện tử","1","0","0","0","1","1","100","0","0","0","1","1","100","-1132620:メール:VI"
"technology-21","","1132620","メール","メール","en","email","1","20","0","0","20","1","5","10","0","0","10","1","10","-1132620:メール:VI | -2277160:Ｅメール:NO_VI | -1443350:電子メール:NO_VI | -1255940:件:NO_VI | -2184800:写メ:NO_VI | -2621510:空メ:NO_VI | -2159690:スパム:NO_VI | -5741299:デコメ:NO_VI | -2017390:メアド:NO_VI | -1925650:メル友:NO_VI"
"technology-22","","1101520","パスワード","パスワード","vi","mật khẩu","1","0","0","0","1","1","100","0","0","0","1","1","100","-1101520:パスワード:VI"
"technology-22","","1101520","パスワード","パスワード","en","password","4","20","0","0","20","1","5","10","0","0","10","1","10","-2715480:代詞:NO_VI | -2180340:秘文:NO_VI | -1586060:合言葉:NO_VI | -1101520:パスワード:VI | -1154430:暗号:NO_VI | -1154590:暗証:NO_VI | -1154600:暗証化:NO_VI | -1497760:符丁:NO_VI | -2864594:ＯＴＰ:NO_VI | -1154610:暗証番号:NO_VI"
"technology-23","","1107800","ファイル","ファイル","vi","tệp","1","0","0","0","1","1","100","0","0","0","1","1","100","-1107800:ファイル:VI"
"technology-23","","1107800","ファイル","ファイル","en","file","2","20","0","0","20","1","5","10","0","0","10","1","10","-1573900:鑢:NO_VI | -1107800:ファイル:VI | -1802800:綴じ込み:NO_VI | -1598760:綴じ込む:NO_VI | -2843544:やすりを掛ける:NO_VI | -1558330:列:NO_VI | -1595910:擦る:NO_VI | -1709450:縦列:NO_VI | -1713640:隊列:NO_VI | -1433770:綴じる:NO_VI"
"technology-23","","1107800","ファイル","ファイル","viAlias","tập tin","1","0","0","0","1","1","100","0","0","0","1","1","100","-1107800:ファイル:VI"
"technology-24","","1110750","フォルダ","フォルダ","vi","thư mục","1","0","0","0","1","1","100","0","0","0","1","1","100","-1110750:フォルダ:VI"
"technology-24","","1110750","フォルダ","フォルダ","en","folder","1","11","0","0","11","1","9.09","10","0","0","10","1","10","-1110750:フォルダ:VI | -2867011:折り畳み機:NO_VI | -1082470:ディレクトリ:NO_VI | -1302410:参照:NO_VI | -2855108:葉巻虫:NO_VI | -2350840:共有フォルダ:NO_VI | -2862310:マニラフォルダ:NO_VI | -2300700:システムフォルダ:NO_VI | -2315160:ドロップフォルダ:NO_VI | -2320360:パブリックフォルダ:NO_VI"
"technology-25","","1081190","データ","データ","vi","dữ liệu","1","0","0","0","1","1","100","0","0","0","1","1","100","-1081190:データ:VI"
"technology-25","","1081190","データ","データ","en","data","1","20","0","0","20","1","5","10","0","0","10","1","10","-1081190:データ:VI | -1544770:与件:NO_VI | -1312820:資料:NO_VI | -1343440:所与:NO_VI | -1296670:材料:NO_VI | -1397230:素子:NO_VI | -1042800:ギガ:NO_VI | -2837657:パケ:NO_VI | -2846516:採訪:NO_VI | -2092820:直値:NO_VI"
"technology-26","","1257900","検索","けんさく","vi","tìm kiếm","1","0","0","0","1","1","100","0","0","0","1","1","100","-1257900:検索:VI"
"technology-26","","1257900","検索","けんさく","en","search","8","20","0","0","20","1","5","10","0","0","10","1","10","-1399660:捜査:NO_VI | -1399690:捜索:NO_VI | -1418270:探求:NO_VI | -1418340:探索:NO_VI | -2647960:がさる:NO_VI | -1054890:サーチ:NO_VI | -2223530:ヤフる:NO_VI | -1257900:検索:VI | -1392130:詮索:NO_VI | -1432490:追求:NO_VI"
"technology-27","","1077010","ダウンロード","ダウンロード","vi","tải xuống","1","0","0","0","1","1","100","0","0","0","1","1","100","-1077010:ダウンロード:VI"
"technology-27","","1077010","ダウンロード","ダウンロード","en","download","2","15","0","0","15","1","6.67","10","0","0","10","1","10","-2407570:ＤＬ:NO_VI | -1077010:ダウンロード:VI | -1589260:落とす:NO_VI | -2168200:カウ:NO_VI | -2068560:パケ死:NO_VI | -1036930:カウンター:NO_VI | -2865972:ダウンロード販売:NO_VI | -1208010:割れ:NO_VI | -2828291:ワレズ:NO_VI | -2861740:ＤＬＣ:NO_VI"
"technology-28","","1016710","アップロード","アップロード","vi","tải lên","1","0","0","0","1","1","100","0","0","0","1","1","100","-1016710:アップロード:VI"
"technology-28","","1016710","アップロード","アップロード","en","upload","3","13","0","0","13","1","7.69","10","0","0","10","1","10","-2722620:うｐ:NO_VI | -2864522:ＵＬ:NO_VI | -1016710:アップロード:VI | -1016610:アップ:NO_VI | -1352320:上げる:NO_VI | -2168200:カウ:NO_VI | -1036930:カウンター:NO_VI | -2838642:うｐ主:NO_VI | -2830610:うｐ乙:NO_VI | -1662010:歌い手:NO_VI"
"technology-29","","1168190","印刷","いんさつ","vi","in ấn","1","0","0","0","1","1","100","0","0","0","1","1","100","-1168190:印刷:VI"
"technology-29","","1168190","印刷","いんさつ","en","printing","3","20","0","0","20","1","5","10","0","0","10","1","10","-2600310:刷:NO_VI | -1657910:刷り:NO_VI | -1168190:印刷:VI | -1168330:印字:NO_VI | -1168150:印行:NO_VI | -1459710:捺染:NO_VI | -1168260:印刷術:NO_VI | -1350690:焼付け:NO_VI | -2854884:プリンティング:NO_VI | -1481480:版:NO_VI"
"technology-30","","1443220","電源","でんげん","vi","nguồn điện","1","0","0","0","1","1","100","0","0","0","1","1","100","-1443220:電源:VI"
"technology-30","","1443220","電源","でんげん","en","power supply","7","20","0","0","20","1","5","10","0","0","10","1","10","-1443820:電力供給:NO_VI | -1443250:電源供給:NO_VI | -2377470:電源回路:NO_VI | -2093160:電源装置:NO_VI | -2320760:パワーサプライ:NO_VI | -1402830:送電:NO_VI | -1443220:電源:VI | -1228020:休電:NO_VI | -2598000:電休:NO_VI | -2335410:ＵＰＳ:NO_VI"
"daily-verbs-01","","1358280","食べる","たべる","vi","ăn","1","6","6","100","20","20","100","6","6","100","10","10","100","-1358280:食べる:VI | -1270590:ご飯:VI | -1358340:食べ物:VI | -1291600:砂糖:VI | -1358490:食事:VI | -1554310:料理:VI | -1644930:料理人:VI | -1078630:テーブル:VI | -1191730:家:VI | -1313000:歯:VI"
"daily-verbs-01","","1358280","食べる","たべる","en","eat","1","20","1","5","20","1","5","10","1","10","10","1","10","-1358280:食べる:VI | -2409880:喫す:NO_VI | -1592100:食う:NO_VI | -2410450:食す:NO_VI | -2867342:食す:NO_VI | -2145650:食む:NO_VI | -1226380:喫する:NO_VI | -2011470:食する:NO_VI | -1592410:食らう:NO_VI | -1346370:召し上がる:NO_VI"
"daily-verbs-02","","1169870","飲む","のむ","vi","uống","1","3","3","100","4","4","100","3","3","100","4","4","100","-1169870:飲む:VI | -1358490:食事:VI | -1589500:降りる:VI | -1077010:ダウンロード:VI"
"daily-verbs-02","","1169870","飲む","のむ","en","drink","1","20","1","5","20","1","5","10","1","10","10","1","10","-1169870:飲む:VI | -2151640:飲み:NO_VI | -1600430:飲み物:NO_VI | -1089080:ドリンク:NO_VI | -2862909:酒:NO_VI | -2799140:飲:NO_VI | -2409880:喫す:NO_VI | -1737130:水物:NO_VI | -1324210:酌む:NO_VI | -2410450:食す:NO_VI"
"daily-verbs-03","","1360010","寝る","ねる","vi","ngủ","1","1","1","100","2","2","100","1","1","100","2","2","100","-1360010:寝る:VI | -1101430:パジャマ:VI"
"daily-verbs-03","","1360010","寝る","ねる","en","sleep","1","20","2","10","20","2","10","10","1","10","10","1","10","-1360010:寝る:VI | -1642760:寝:NO_VI | -2863156:寝ぬ:NO_VI | -2828362:御寝:NO_VI | -1529370:眠り:NO_VI | -1529390:眠る:NO_VI | -1372370:睡眠:NO_VI | -2553590:せぶる:NO_VI | -2828386:御寝る:NO_VI | -1073870:スリープ:NO_VI"
"daily-verbs-04","","1223640","起きる","おきる","vi","thức dậy","1","1","1","100","1","1","100","1","1","100","1","1","100","-1223640:起きる:VI"
"daily-verbs-04","","1223640","起きる","おきる","en","wake up","10","11","1","9.09","11","1","9.09","10","1","10","10","1","10","-1600110:寝覚める:NO_VI | -2020100:目覚ます:NO_VI | -1535350:目覚める:NO_VI | -1416080:叩き起こす:NO_VI | -1266270:呼び覚ます:NO_VI | -1266300:呼び起こす:NO_VI | -2143090:目が覚める:NO_VI | -1535200:目を覚ます:NO_VI | -1206070:覚める:NO_VI | -1223640:起きる:VI"
"daily-verbs-05","","1473740","買う","かう","vi","mua","2","20","7","35","20","8","40","10","7","70","10","8","80","-1171900:雨:VI | -1473740:買う:VI | -1446070:冬:VI | -1191320:夏:VI | -1341000:春:VI | -1332650:秋:VI | -1589730:買い物:VI | -1538440:踊る:VI | -2865595:ムーア:NO_VI | -2861263:ＭＲ:NO_VI"
"daily-verbs-05","","1473740","買う","かう","en","buy","1","21","2","9.52","21","2","9.52","10","1","10","10","1","10","-1473740:買う:VI | -2832751:購う:NO_VI | -1305310:仕入れる:NO_VI | -1473640:買い取る:NO_VI | -1473680:買い上げる:NO_VI | -2845732:買い揃える:NO_VI | -1473590:買い求める:NO_VI | -1565940:奢る:NO_VI | -1587290:頂く:NO_VI | -1326980:取る:NO_VI"
"daily-verbs-06","","1473950","売る","うる","vi","bán","1","2","2","100","4","4","100","2","2","100","4","4","100","-1473950:売る:VI | -1103090:パン:VI | -1047860:ケーキ:VI | -1103480:パン屋:VI"
"daily-verbs-06","","1473950","売る","うる","en","sell","1","20","0","0","20","1","5","10","0","0","10","1","10","-1473950:売る:VI | -2256150:鬻ぐ:NO_VI | -1473960:売れる:NO_VI | -1346590:商う:NO_VI | -1473850:売り込む:NO_VI | -2762720:出ず:NO_VI | -1338240:出る:NO_VI | -1153440:扱う:NO_VI | -1612850:熟す:NO_VI | -1357030:譲る:NO_VI"
"daily-verbs-07","","1514320","歩く","あるく","vi","đi bộ","1","1","1","100","2","2","100","1","1","100","2","2","100","-1514320:歩く:VI | -1514380:歩行者:VI"
"daily-verbs-07","","1514320","歩く","あるく","en","walk","1","20","1","5","20","1","5","10","1","10","10","1","10","-1514320:歩く:VI | -2274380:常歩:NO_VI | -1303620:散歩:NO_VI | -2213200:歩き:NO_VI | -2701940:歩ぶ:NO_VI | -1514360:歩む:NO_VI | -1826730:遊歩:NO_VI | -2828359:御拾い:NO_VI | -2500800:ウォーク:NO_VI | -2837414:押して行く:NO_VI"
"daily-verbs-08","","1402540","走る","はしる","vi","chạy","1","0","0","0","2","2","100","0","0","0","2","2","100","-1402540:走る:VI | -1316230:時刻表:VI"
"daily-verbs-08","","1402540","走る","はしる","en","run","6","21","1","4.76","21","2","9.52","10","0","0","10","1","10","-2609760:走:NO_VI | -1139940:ラン:NO_VI | -1442140:伝線:NO_VI | -1173420:営む:NO_VI | -1568800:滲む:NO_VI | -1402540:走る:VI | -1164380:一走り:NO_VI | -1949560:馳せる:NO_VI | -1244720:駆ける:NO_VI | -1244810:駆け登る:NO_VI"
"daily-verbs-09","","1202450","開ける","あける","vi","mở","1","1","1","100","1","1","100","1","1","100","1","1","100","-1202450:開ける:VI"
"daily-verbs-09","","1202450","開ける","あける","en","open","1","20","1","5","20","1","5","10","1","10","10","1","10","-1202450:開ける:VI | -2866356:開:NO_VI | -1274190:公然:NO_VI | -2764540:披く:NO_VI | -2073120:拓く:NO_VI | -1673280:無蓋:NO_VI | -1586270:開く:NO_VI | -1202440:開く:NO_VI | -1919270:開梱:NO_VI | -1728580:開豁:NO_VI"
"daily-verbs-10","","1508590","閉める","しめる","vi","đóng","1","1","1","100","1","1","100","1","1","100","1","1","100","-1508590:閉める:VI"
"daily-verbs-10","","1508590","閉める","しめる","en","close","1","20","1","5","20","1","5","10","1","10","10","1","10","-1508590:閉める:VI | -1528290:密接:NO_VI | -1626750:引け:NO_VI | -1585820:瞑る:NO_VI | -2010980:窄む:NO_VI | -2827365:仲いい:NO_VI | -1169280:引ける:NO_VI | -1365050:親しい:NO_VI | -1508550:閉じる:NO_VI | -1045500:クローズ:NO_VI"
"daily-verbs-11","","1390930","洗う","あらう","vi","rửa","1","1","1","100","2","2","100","1","1","100","2","2","100","-1390930:洗う:VI | -1390950:洗剤:VI"
"daily-verbs-11","","1390930","洗う","あらう","en","wash","1","20","1","5","20","1","5","10","1","10","10","1","10","-1390930:洗う:VI | -2870921:洗薬:NO_VI | -2500880:ウォッシュ:NO_VI | -1598700:研ぐ:NO_VI | -1648090:蹲:NO_VI | -1164270:一洗:NO_VI | -2811060:卵液:NO_VI | -1552120:流す:NO_VI | -1593865:浚う:NO_VI | -1581550:濯ぐ:NO_VI"
"daily-verbs-12","","1554310","料理","りょうり","vi","nấu ăn","1","0","0","0","2","2","100","0","0","0","2","2","100","-1554310:料理:VI | -1644930:料理人:VI"
"daily-verbs-12","","1554310","料理","りょうり","en","cooking","2","20","0","0","20","3","15","10","0","0","10","1","10","-1208120:割烹:NO_VI | -1554310:料理:VI | -2849562:料飲:NO_VI | -1372350:炊事:NO_VI | -2866731:蒸解:NO_VI | -1429310:調理:NO_VI | -1713630:炊さん:NO_VI | -1643180:煮炊き:NO_VI | -1043770:クッキング:NO_VI | -1706620:勝手向き:NO_VI"
"daily-verbs-13","","1451150","働く","はたらく","vi","làm việc","1","2","2","100","2","2","100","2","2","100","2","2","100","-1451150:働く:VI | -1220210:机:VI"
"daily-verbs-13","","1451150","働く","はたらく","en","work","2","20","2","10","20","2","10","10","2","20","10","2","20","-1304970:仕事:VI | -1451150:働く:VI | -1297240:作:NO_VI | -2153730:業:NO_VI | -1956680:著:NO_VI | -1297910:作品:NO_VI | -1297540:作業:NO_VI | -1451040:働き:NO_VI | -1374810:制作:NO_VI | -1295610:細工:NO_VI"
"daily-verbs-14","","1512670","勉強","べんきょう","vi","học","2","5","5","100","15","15","100","5","5","100","10","10","100","-1220210:机:VI | -1512670:勉強:VI | -1413240:大学:VI | -1206730:学校:VI | -1206900:学生:VI | -1465850:入学:VI | -1375760:成績:VI | -1330290:授業:VI | -1237150:教室:VI | -1372980:数学:VI"
"daily-verbs-14","","1512670","勉強","べんきょう","en","study","1","20","1","5","20","1","5","10","1","10","10","1","10","-1512670:勉強:VI | -2743250:修む:NO_VI | -1512660:勉学:NO_VI | -1761200:学修:NO_VI | -1207130:学問:NO_VI | -2854567:文房:NO_VI | -1344160:書房:NO_VI | -1344030:書斎:NO_VI | -1258510:研学:NO_VI | -1333100:習作:NO_VI"
"daily-verbs-14","","1512670","勉強","べんきょう","viAlias","học tập","1","1","1","100","2","2","100","1","1","100","2","2","100","-1512670:勉強:VI | -1375760:成績:VI"
"daily-verbs-15","","1456360","読む","よむ","vi","đọc","1","1","1","100","1","1","100","1","1","100","1","1","100","-1456360:読む:VI"
"daily-verbs-15","","1456360","読む","よむ","en","read","1","20","1","5","20","1","5","10","1","10","10","1","10","-1456360:読む:VI | -2016890:紐解く:NO_VI | -1259960:見透かす:NO_VI | -1259910:見通す:NO_VI | -1456210:読み取る:NO_VI | -1456200:読み込む:NO_VI | -1688440:読み替える:NO_VI | -2844877:〻:NO_VI | -2205970:覚:NO_VI | -1165730:一発:NO_VI"
"daily-verbs-16","","1343950","書く","かく","vi","viết","1","1","1","100","2","2","100","1","1","100","2","2","100","-1343950:書く:VI | -1078240:チョーク:VI"
"daily-verbs-16","","1343950","書く","かく","en","write","1","20","2","10","20","2","10","10","1","10","10","1","10","-1343950:書く:VI | -1427080:著す:NO_VI | -2866653:認む:NO_VI | -2654330:撰する:NO_VI | -1864470:書き候:NO_VI | -1467520:認める:NO_VI | -1343820:書き送る:NO_VI | -1343680:書き下ろす:NO_VI | -1174820:詠む:NO_VI | -2859475:物する:NO_VI"
"daily-verbs-17","","1591110","聞く","きく","vi","nghe","1","12","1","8.33","13","2","15.38","10","1","10","10","2","20","-1591110:聞く:VI | -1021880:イヤホン:VI | -2680520:サオラ:NO_VI | -2784650:負飛蝗:NO_VI | -1003380:きちきち:NO_VI | -2166380:精霊飛蝗擬:NO_VI | -2166390:きちきち蝗虫:NO_VI | -2554650:インド撞木鮫:NO_VI | -1723820:コメツキバッタ:NO_VI | -2552550:テングヘラザメ:NO_VI"
"daily-verbs-17","","1591110","聞く","きく","en","listen","7","20","1","5","20","1","5","10","1","10","10","1","10","-2337160:リッスン:NO_VI | -1851200:聞き置く:NO_VI | -2216120:これ:NO_VI | -2826108:ねね:NO_VI | -2870267:あのな:NO_VI | -2801680:あんなあ:NO_VI | -1591110:聞く:VI | -2029110:な:NO_VI | -2029080:ね:NO_VI | -1009360:なあなあ:NO_VI"
"daily-verbs-18","","1562350","話す","はなす","vi","nói","1","5","5","100","5","5","100","5","5","100","5","5","100","-1562350:話す:VI | -1514990:母:VI | -1497610:父:VI | -1249900:兄:VI | -1307630:姉:VI"
"daily-verbs-18","","1562350","話す","はなす","en","speak","7","20","2","10","20","2","10","10","1","10","10","1","10","-1512730:弁じる:NO_VI | -2497180:スピーク:NO_VI | -2086150:口をきく:NO_VI | -2836367:声がする:NO_VI | -2033690:声を出す:NO_VI | -2112320:物を言う:NO_VI | -1562350:話す:VI | -1238840:仰る:NO_VI | -2835650:言葉を吐く:NO_VI | -2211360:言葉をかける:NO_VI"
"daily-verbs-19","","1259290","見る","みる","vi","xem","1","20","1","5","20","1","5","10","1","10","10","1","10","-1259290:見る:VI | -2017840:鑑:NO_VI | -1412170:代表:NO_VI | -1533280:免租:NO_VI | -1533230:免税:NO_VI | -1533260:免責:NO_VI | -1533200:免除:NO_VI | -1396250:全免:NO_VI | -1438080:典型:NO_VI | -1308990:師範:NO_VI"
"daily-verbs-19","","1259290","見る","みる","en","see","1","20","3","15","20","4","20","10","1","10","10","1","10","-1259290:見る:VI | -1681460:拝観:NO_VI | -2525540:見す:NO_VI | -2533040:ほらね:NO_VI | -2862232:ご覧じる:NO_VI | -2399540:目にする:NO_VI | -1604430:見かける:NO_VI | -2217020:ご覧なさる:NO_VI | -2217040:ご覧になる:NO_VI | -2846890:御覧じゃる:NO_VI"
"daily-verbs-19","","1259290","見る","みる","viAlias","nhìn","1","1","1","100","1","1","100","1","1","100","1","1","100","-1259290:見る:VI"
"daily-verbs-20","","1578850","行く","いく","vi","đi","2","24","13","54.17","24","13","54.17","10","7","70","10","8","80","-2667780:ＤＩ:NO_VI | -1578850:行く:VI | -1355120:乗る:VI | -1360010:寝る:VI | -1553170:旅行:VI | -1514320:歩く:VI | -1542160:遊ぶ:VI | -1250690:携帯電話:VI | -2230330:氐:NO_VI | -1514380:歩行者:VI"
"daily-verbs-20","","1578850","行く","いく","en","go","1","22","3","13.64","22","3","13.64","10","1","10","10","1","10","-1578850:行く:VI | -1956260:合:NO_VI | -1270870:碁:NO_VI | -2080410:ゴー:NO_VI | -1302070:参る:NO_VI | -1155990:囲碁:NO_VI | -2004230:手談:NO_VI | -2859931:本碁:NO_VI | -2855204:爛柯:NO_VI | -2811510:豆汁:NO_VI"
"daily-verbs-21","","1547720","来る","くる","vi","đến","1","1","1","100","1","1","100","1","1","100","1","1","100","-1547720:来る:VI"
"daily-verbs-21","","1547720","来る","くる","en","come","1","20","1","5","20","1","5","10","1","10","10","1","10","-1547720:来る:VI | -1005110:さあ:NO_VI | -2064200:あんす:NO_VI | -2525350:参じる:NO_VI | -2504580:参ずる:NO_VI | -2784290:おいない:NO_VI | -2255610:おじゃる:NO_VI | -1631930:さあさあ:NO_VI | -1000920:いらっしゃい:NO_VI | -2216930:お出でなさい:NO_VI"
"daily-verbs-22","","1221270","帰る","かえる","vi","về","3","5","5","100","6","6","100","5","5","100","6","6","100","-1514990:母:VI | -1497610:父:VI | -1221270:帰る:VI | -1249900:兄:VI | -1307630:姉:VI | -1337270:宿題:VI"
"daily-verbs-22","","1221270","帰る","かえる","en","return home","1","2","0","0","3","1","33.33","2","0","0","3","1","33.33","-1221270:帰る:VI | -1601480:引き上げる:NO_VI | -2849241:錦を飾る:NO_VI"
"daily-verbs-23","","1410590","待つ","まつ","vi","chờ","1","1","1","100","1","1","100","1","1","100","1","1","100","-1410590:待つ:VI"
"daily-verbs-23","","1410590","待つ","まつ","en","wait","1","20","1","5","20","1","5","10","1","10","10","1","10","-1410590:待つ:VI | -2861660:ウェイト:NO_VI | -1410500:待ち構える:NO_VI | -1599580:何々:NO_VI | -1012050:まあ:NO_VI | -2750090:両面:NO_VI | -1304790:仕る:NO_VI | -1305700:伺う:NO_VI | -2870777:侍ふ:NO_VI | -2772490:侍り:NO_VI"
"daily-verbs-23","","1410590","待つ","まつ","viAlias","đợi","1","1","1","100","1","1","100","1","1","100","1","1","100","-1410590:待つ:VI"
"daily-verbs-24","","1198180","会う","あう","vi","gặp","1","0","0","0","1","1","100","0","0","0","1","1","100","-1198180:会う:VI"
"daily-verbs-24","","1198180","会う","あう","en","meet","1","20","0","0","20","1","5","10","0","0","10","1","10","-1198180:会う:VI | -2410370:会す:NO_VI | -1440810:添う:NO_VI | -1333540:集う:NO_VI | -2007590:会する:NO_VI | -1598530:出会う:NO_VI | -1338720:出迎える:NO_VI | -2217310:目にかかる:NO_VI | -2862996:顔を合わす:NO_VI | -2266790:顔合わせる:NO_VI"
"daily-verbs-25","","1305990","使う","つかう","vi","dùng","1","1","1","100","1","1","100","1","1","100","1","1","100","-1305990:使う:VI"
"daily-verbs-25","","1305990","使う","つかう","en","use","1","20","1","5","20","1","5","10","1","10","10","1","10","-1305990:使う:VI | -1306200:使用:NO_VI | -1549660:利用:NO_VI | -2853401:功用:NO_VI | -1275200:効用:NO_VI | -1294890:採用:NO_VI | -1546380:用途:NO_VI | -1281910:行使:NO_VI | -1433570:通用:NO_VI | -2852742:ユース:NO_VI"
"daily-verbs-25","","1305990","使う","つかう","viAlias","sử dụng","1","1","1","100","1","1","100","1","1","100","1","1","100","-1305990:使う:VI"
"daily-verbs-26","","1597890","作る","つくる","vi","làm ra","1","0","0","0","1","1","100","0","0","0","1","1","100","-1597890:作る:VI"
"daily-verbs-26","","1597890","作る","つくる","en","make","1","20","1","5","20","1","5","10","1","10","10","1","10","-1597890:作る:VI | -1380580:製:NO_VI | -1563800:作す:NO_VI | -2398600:拵え:NO_VI | -2750940:作する:NO_VI | -2868537:拵える:NO_VI | -1567390:拵える:NO_VI | -2035700:淹れる:NO_VI | -2410820:点てる:NO_VI | -2011780:製する:NO_VI"
"daily-verbs-26","","1597890","作る","つくる","viAlias","tạo ra","1","1","1","100","1","1","100","1","1","100","1","1","100","-1597890:作る:VI"
"daily-verbs-27","","1315720","持つ","もつ","vi","cầm","1","0","0","0","1","1","100","0","0","0","1","1","100","-1315720:持つ:VI"
"daily-verbs-27","","1315720","持つ","もつ","en","hold","2","20","0","0","20","1","5","10","0","0","10","1","10","-1292160:催す:NO_VI | -1315720:持つ:VI | -2011070:持する:NO_VI | -2826865:ダンブル:NO_VI | -1122170:ホールド:NO_VI | -1319610:執り行う:NO_VI | -2266810:手にする:NO_VI | -2520530:引っ掛かり:NO_VI | -1516390:抱きかかえる:NO_VI | -1513250:保つ:NO_VI"
"daily-verbs-28","","1421850","置く","おく","vi","đặt","1","0","0","0","1","1","100","0","0","0","1","1","100","-1421850:置く:VI"
"daily-verbs-28","","1421850","置く","おく","en","put","1","20","2","10","20","4","20","10","2","20","10","3","30","-1421850:置く:VI | -1115290:プット:NO_VI | -1589090:収める:NO_VI | -1216130:陥れる:NO_VI | -1544990:預ける:NO_VI | -1199350:回す:NO_VI | -1012980:遣る:NO_VI | -1601490:引き当てる:NO_VI | -1597890:作る:VI | -1305990:使う:VI"
"daily-verbs-29","","1291800","座る","すわる","vi","ngồi","1","0","0","0","2","2","100","0","0","0","2","2","100","-1291800:座る:VI | -1291880:座席:VI"
"daily-verbs-29","","1291800","座る","すわる","en","sit","3","20","1","5","20","2","10","10","1","10","10","2","20","-2835726:ＳＩＴ:NO_VI | -2218570:座す:NO_VI | -1291800:座る:VI | -2218560:座する:NO_VI | -1288350:腰掛ける:NO_VI | -2528370:座を占める:NO_VI | -1207610:掛ける:NO_VI | -1355120:乗る:VI | -2844997:抱く:NO_VI | -2798220:油団:NO_VI"
"daily-verbs-30","","1597040","立つ","たつ","vi","đứng","1","0","0","0","1","1","100","0","0","0","1","1","100","-1597040:立つ:VI"
"daily-verbs-30","","1597040","立つ","たつ","en","stand","5","20","0","0","20","1","5","10","0","0","10","1","10","-1412560:台:NO_VI | -1474040:売店:NO_VI | -2866056:林分:NO_VI | -1193170:架台:NO_VI | -1597040:立つ:VI | -2854533:置き台:NO_VI | -2673740:おっ立つ:NO_VI | -1849950:差し立てる:NO_VI | -2102910:肩を並べる:NO_VI | -1919060:架:NO_VI"
"daily-verbs-31","","1174340","泳ぐ","およぐ","vi","bơi","1","1","1","100","1","1","100","1","1","100","1","1","100","-1174340:泳ぐ:VI"
"daily-verbs-31","","1174340","泳ぐ","およぐ","en","swim","1","20","1","5","20","1","5","10","1","10","10","1","10","-1174340:泳ぐ:VI | -2850019:スイム:NO_VI | -2250040:鰾:NO_VI | -1352570:上る:NO_VI | -2845648:完泳:NO_VI | -1454660:徳利:NO_VI | -1736800:水心:NO_VI | -1779760:金槌:NO_VI | -1109420:フィン:NO_VI | -2423400:棹さす:NO_VI"
"daily-verbs-32","","1542160","遊ぶ","あそぶ","vi","chơi","1","1","1","100","1","1","100","1","1","100","1","1","100","-1542160:遊ぶ:VI"
"daily-verbs-32","","1542160","遊ぶ","あそぶ","en","play","1","20","1","5","20","1","5","10","1","10","10","1","10","-1542160:遊ぶ:VI | -1419370:弾く:NO_VI | -1224960:戯れ:NO_VI | -1321630:芝居:NO_VI | -1542070:遊び:NO_VI | -1542190:遊戯:NO_VI | -2871051:お遊び:NO_VI | -1116400:プレイ:NO_VI | -2764430:巫山戯:NO_VI | -2512470:弾じる:NO_VI"
"daily-verbs-33","","1588120","歌う","うたう","vi","hát","1","1","1","100","4","4","100","1","1","100","4","4","100","-1588120:歌う:VI | -1253410:劇場:VI | -1226440:喫茶店:VI | -1182790:臆病:VI"
"daily-verbs-33","","1588120","歌う","うたう","en","sing","2","20","0","0","20","1","5","10","0","0","10","1","10","-1565710:囀る:NO_VI | -1588120:歌う:VI | -2832637:集く:NO_VI | -1532870:鳴く:NO_VI | -2115540:吟じる:NO_VI | -2504590:吟ずる:NO_VI | -1565300:唸る:NO_VI | -2571280:寒蝉:NO_VI | -1150800:愛唱:NO_VI | -2775640:秋蝉:NO_VI"
"daily-verbs-34","","1538440","踊る","おどる","vi","nhảy múa","1","0","0","0","1","1","100","0","0","0","1","1","100","-1538440:踊る:VI"
"daily-verbs-34","","1538440","踊る","おどる","en","dance","3","20","0","0","20","1","5","10","0","0","10","1","10","-1499100:舞う:NO_VI | -1499180:舞踏:NO_VI | -1538440:踊る:VI | -1077250:ダンス:NO_VI | -1798460:所作事:NO_VI | -1603760:舞い躍る:NO_VI | -1909210:舞を舞う:NO_VI | -2761150:ステップを踏む:NO_VI | -2119800:ダンスパーティー:NO_VI | -1956920:舞:NO_VI"
"daily-verbs-35","","1351360","笑う","わらう","vi","cười","1","0","0","0","1","1","100","0","0","0","1","1","100","-1351360:笑う:VI"
"daily-verbs-35","","1351360","笑う","わらう","en","laugh","3","20","0","0","20","1","5","10","0","0","10","1","10","-1163490:一笑:NO_VI | -1351280:笑い:NO_VI | -1351360:笑う:VI | -1744730:笑声:NO_VI | -2628140:笑える:NO_VI | -2828723:笑ける:NO_VI | -2831053:草生える:NO_VI | -1557330:冷嘲:NO_VI | -1557000:冷笑:NO_VI | -1565590:嘲る:NO_VI"
"daily-verbs-36","","1229840","泣く","なく","vi","khóc","1","0","0","0","1","1","100","0","0","0","1","1","100","-1229840:泣く:VI"
"daily-verbs-36","","1229840","泣く","なく","en","cry","3","20","0","0","20","1","5","10","0","0","10","1","10","-2862788:哭く:NO_VI | -2859777:啼声:NO_VI | -1229840:泣く:VI | -2266980:クライ:NO_VI | -1229730:泣き声:NO_VI | -2013600:涙する:NO_VI | -1532860:鳴き声:NO_VI | -1576210:一声:NO_VI | -1368450:人声:NO_VI | -1235890:叫び:NO_VI"
"daily-verbs-37","","1236900","教える","おしえる","vi","dạy","1","1","1","100","1","1","100","1","1","100","1","1","100","-1236900:教える:VI"
"daily-verbs-37","","1236900","教える","おしえる","en","teach","1","20","1","5","20","1","5","10","1","10","10","1","10","-1236900:教える:VI | -2615130:教え導く:NO_VI | -2402440:教鞭をとる:NO_VI | -1304940:仕込む:NO_VI | -1441870:伝える:NO_VI | -2864693:稽古をつける:NO_VI | -2108600:先公:NO_VI | -1330280:授ける:NO_VI | -1160570:育てる:NO_VI | -2176270:もみ込む:NO_VI"
"daily-verbs-38","","1206050","覚える","おぼえる","vi","ghi nhớ","1","0","0","0","1","1","100","0","0","0","1","1","100","-1206050:覚える:VI"
"daily-verbs-38","","1206050","覚える","おぼえる","en","memorize","1","7","0","0","7","1","14.29","7","0","0","7","1","14.29","-1206050:覚える:VI | -1848700:覚えこむ:NO_VI | -1572810:諳んじる:NO_VI | -2832387:諳んずる:NO_VI | -2006300:空で覚える:NO_VI | -1856540:頭に入れる:NO_VI | -1684170:暗記物:NO_VI"
"daily-verbs-39","","1519210","忘れる","わすれる","vi","quên","1","0","0","0","1","1","100","0","0","0","1","1","100","-1519210:忘れる:VI"
"daily-verbs-39","","1519210","忘れる","わすれる","en","forget","1","20","0","0","20","1","5","10","0","0","10","1","10","-1519210:忘れる:VI | -1641770:見忘れる:NO_VI | -1319760:失する:NO_VI | -2682070:吹っ切る:NO_VI | -2086780:棚に上げる:NO_VI | -1849920:置き忘れる:NO_VI | -2410170:逸す:NO_VI | -1587490:逸する:NO_VI | -2130430:け:NO_VI | -1156870:慰む:NO_VI"
"daily-verbs-40","","1328190","手伝う","てつだう","vi","giúp đỡ","1","0","0","0","1","1","100","0","0","0","1","1","100","-1328190:手伝う:VI"
"daily-verbs-40","","1328190","手伝う","てつだう","en","help","11","20","0","0","20","1","5","10","0","0","10","0","0","-1344360:助:NO_VI | -1163450:一助:NO_VI | -1613820:介助:NO_VI | -2011250:助く:NO_VI | -1691010:扶翼:NO_VI | -1229030:救い:NO_VI | -2846515:資益:NO_VI | -2144410:お世話:NO_VI | -1118960:ヘルプ:NO_VI | -1555130:力添え:NO_VI"
"adjectives-01","","1588880","大きい","おおきい","vi","to","1","22","6","27.27","22","7","31.82","10","2","20","10","3","30","-1588880:大きい:VI | -1323080:車:VI | -2029000:へ:NO_VI | -1444530:斗:NO_VI | -2259200:至:NO_VI | -2215430:には:NO_VI | -2844416:へと:NO_VI | -2710920:迄も:NO_VI | -1318400:自動車:VI | -1009600:に取って:NO_VI"
"adjectives-01","","1588880","大きい","おおきい","en","big","1","20","1","5","20","1","5","10","1","10","10","1","10","-1588880:大きい:VI | -2427860:大い:NO_VI | -1414870:大幅:NO_VI | -1105190:ビッグ:NO_VI | -1412890:大きな:NO_VI | -1231930:大いなる:NO_VI | -2137230:大っきい:NO_VI | -2872970:大っきな:NO_VI | -2229640:偉:NO_VI | -2082140:大:NO_VI"
"adjectives-01","","1588880","大きい","おおきい","viAlias","lớn","1","1","1","100","2","2","100","1","1","100","2","2","100","-1588880:大きい:VI | -1414170:大人:VI"
"adjectives-02","","1347750","小さい","ちいさい","vi","nhỏ","1","1","1","100","1","1","100","1","1","100","1","1","100","-1347750:小さい:VI"
"adjectives-02","","1347750","小さい","ちいさい","en","small","1","20","1","5","20","1","5","10","1","10","10","1","10","-1347750:小さい:VI | -2268350:小:NO_VI | -2564200:小:NO_VI | -2153770:小:NO_VI | -2165320:少:NO_VI | -2843783:眇:NO_VI | -2268910:細:NO_VI | -1115200:プチ:NO_VI | -1811380:壺皿:NO_VI | -1639860:小幅:NO_VI"
"adjectives-02","","1347750","小さい","ちいさい","viAlias","bé","1","0","0","0","2","2","100","0","0","0","2","2","100","-1347750:小さい:VI | -1383260:赤ちゃん:VI"
"adjectives-03","","1343460","暑い","あつい","vi","trời nóng","1","0","0","0","1","1","100","0","0","0","1","1","100","-1343460:暑い:VI"
"adjectives-03","","1343460","暑い","あつい","en","hot weather","1","4","0","0","5","1","20","4","0","0","5","1","20","-1343460:暑い:VI | -1343490:暑気:NO_VI | -1776030:涼感:NO_VI | -2597440:水狂言:NO_VI | -2862084:プレクーリング:NO_VI"
"adjectives-03","","1343460","暑い","あつい","viAlias","nóng bức","1","0","0","0","1","1","100","0","0","0","1","1","100","-1343460:暑い:VI"
"adjectives-04","","1210360","寒い","さむい","vi","trời lạnh","1","0","0","0","1","1","100","0","0","0","1","1","100","-1210360:寒い:VI"
"adjectives-04","","1210360","寒い","さむい","en","cold weather","2","8","0","0","9","1","11.11","8","0","0","9","1","11.11","-1556860:冷気:NO_VI | -1210360:寒い:VI | -1210510:寒天:NO_VI | -1210430:寒空:NO_VI | -1210400:寒害:NO_VI | -1713430:春寒:NO_VI | -2857337:大寒波:NO_VI | -1548550:落ちる:NO_VI | -2005840:ぶり返す:NO_VI"
"adjectives-05","","1467720","熱い","あつい","vi","nóng","1","0","0","0","2","2","100","0","0","0","2","2","100","-1467720:熱い:VI | -1343460:暑い:VI"
"adjectives-05","","1467720","熱い","あつい","en","hot to touch","1","0","0","0","1","1","100","0","0","0","1","1","100","-1467720:熱い:VI"
"adjectives-06","","1556730","冷たい","つめたい","vi","lạnh","1","1","1","100","5","5","100","1","1","100","5","5","100","-1556730:冷たい:VI | -1583720:風邪:VI | -1210360:寒い:VI | -1557110:冷蔵庫:VI | -1027180:エアコン:VI"
"adjectives-06","","1556730","冷たい","つめたい","en","cold to touch","1","0","0","0","1","1","100","0","0","0","1","1","100","-1556730:冷たい:VI"
"adjectives-07","","1404975","早い","はやい","vi","nhanh","1","0","0","0","1","1","100","0","0","0","1","1","100","-1404975:早い:VI"
"adjectives-07","","1404975","早い","はやい","en","fast","3","20","0","0","20","1","5","10","0","0","10","1","10","-1284100:剛球:NO_VI | -1276550:口早:NO_VI | -1404975:早い:VI | -1404880:足早:NO_VI | -1004020:ぐうぐう:NO_VI | -2395510:尻が軽い:NO_VI | -2238930:手の早い:NO_VI | -1883310:食を断つ:NO_VI | -2858155:ファースト:NO_VI | -1419650:断食:NO_VI"
"adjectives-08","","1421970","遅い","おそい","vi","chậm","1","0","0","0","1","1","100","0","0","0","1","1","100","-1421970:遅い:VI"
"adjectives-08","","1421970","遅い","おそい","en","slow","4","20","0","0","20","1","5","10","0","0","10","1","10","-1345600:徐々:NO_VI | -1214520:緩慢:NO_VI | -1597430:遅々:NO_VI | -1421970:遅い:VI | -2842031:遅し:NO_VI | -1074040:スロー:NO_VI | -2726350:慢慢的:NO_VI | -2267980:間怠い:NO_VI | -2261190:頭悪い:NO_VI | -2463440:もっさり:NO_VI"
"adjectives-09","","1283190","高い","たかい","vi","đắt","1","1","1","100","1","1","100","1","1","100","1","1","100","-1283190:高い:VI"
"adjectives-09","","1283190","高い","たかい","en","expensive","6","20","1","5","20","1","5","10","1","10","10","1","10","-1615820:高直:NO_VI | -1028120:エクスペンシブ:NO_VI | -1407520:多額:NO_VI | -1283300:高価:NO_VI | -2020000:金食い:NO_VI | -1283190:高い:VI | -1283380:高貴:NO_VI | -1722440:物入り:NO_VI | -1606890:割高:NO_VI | -1427900:張る:NO_VI"
"adjectives-10","","1153670","安い","やすい","vi","rẻ","1","2","2","100","2","2","100","2","2","100","2","2","100","-1153670:安い:VI | -1307850:子供:VI"
"adjectives-10","","1153670","安い","やすい","en","cheap","1","20","1","5","20","1","5","10","1","10","10","1","10","-1153670:安い:VI | -2082150:安:NO_VI | -2256300:廉:NO_VI | -2850132:下物:NO_VI | -1434840:低廉:NO_VI | -1420290:値安:NO_VI | -1205280:格安:NO_VI | -2064740:ちゃち:NO_VI | -1077350:チープ:NO_VI | -2848555:安近短:NO_VI"
"adjectives-11","","1591900","綺麗","きれい","vi","sạch đẹp","1","0","0","0","1","1","100","0","0","0","1","1","100","-1591900:綺麗:VI"
"adjectives-11","","1591900","綺麗","きれい","en","beautiful","18","20","0","0","20","1","5","10","0","0","10","0","0","-1189670:佳:NO_VI | -1903740:斐然:NO_VI | -2261100:美い:NO_VI | -2804640:美ら:NO_VI | -1615170:美麗:NO_VI | -1061830:シャン:NO_VI | -2677830:玉敷き:NO_VI | -1486360:美しい:NO_VI | -1557920:麗しい:NO_VI | -2864677:麗しの:NO_VI"
"adjectives-11","","1591900","綺麗","きれい","viAlias","đẹp","1","0","0","0","1","1","100","0","0","0","1","1","100","-1591900:綺麗:VI"
"adjectives-11","","1591900","綺麗","きれい","viAlias","sạch sẽ","1","0","0","0","1","1","100","0","0","0","1","1","100","-1591900:綺麗:VI"
"adjectives-12","","1178940","汚い","きたない","vi","bẩn","1","0","0","0","1","1","100","0","0","0","1","1","100","-1178940:汚い:VI"
"adjectives-12","","1178940","汚い","きたない","en","dirty","1","20","0","0","20","1","5","10","0","0","10","1","10","-1178940:汚い:VI | -2069120:ばっちい:NO_VI | -1001160:えげつない:NO_VI | -2831678:ばばっちい:NO_VI | -2092730:ダーティー:NO_VI | -1492980:不浄:NO_VI | -1492160:不潔:NO_VI | -1482820:卑劣:NO_VI | -1724150:尾籠:NO_VI | -1170010:淫ら:NO_VI"
"adjectives-12","","1178940","汚い","きたない","viAlias","dơ","1","0","0","0","1","1","100","0","0","0","1","1","100","-1178940:汚い:VI"
"adjectives-13","","1361490","新しい","あたらしい","vi","mới","1","1","1","100","1","1","100","1","1","100","1","1","100","-1361490:新しい:VI"
"adjectives-13","","1361490","新しい","あたらしい","en","new","1","20","1","5","20","1","5","10","1","10","10","1","10","-1361490:新しい:VI | -2260200:新:NO_VI | -1361480:新:NO_VI | -1361510:新た:NO_VI | -1361650:新規:NO_VI | -1091340:ニュー:NO_VI | -1342530:初:NO_VI | -1289200:今次:NO_VI | -1304410:斬新:NO_VI | -1361640:新奇:NO_VI"
"adjectives-14","","1265070","古い","ふるい","vi","cũ","1","1","1","100","1","1","100","1","1","100","1","1","100","-1265070:古い:VI"
"adjectives-14","","1265070","古い","ふるい","en","old","1","20","1","5","20","1","5","10","1","10","10","1","10","-1265070:古い:VI | -1230380:旧:NO_VI | -2524020:古き:NO_VI | -2698120:古期:NO_VI | -1475140:白狐:NO_VI | -2852747:陳臭い:NO_VI | -2491170:オールド:NO_VI | -1610860:年取った:NO_VI | -1387220:先:NO_VI | -1424150:中古:NO_VI"
"adjectives-15","","1429750","長い","ながい","vi","dài","1","0","0","0","2","2","100","0","0","0","2","2","100","-1429750:長い:VI | -1049000:コート:VI"
"adjectives-15","","1429750","長い","ながい","en","long","2","20","0","0","20","1","5","10","0","0","10","1","10","-2647210:長:NO_VI | -1429750:長い:VI | -1953820:長の:NO_VI | -2014710:長尺:NO_VI | -1797750:長湯:NO_VI | -1006250:すらり:NO_VI | -1148120:ロング:NO_VI | -1227340:久しい:NO_VI | -2651800:蛸引き:NO_VI | -1599450:長らく:NO_VI"
"adjectives-16","","1418620","短い","みじかい","vi","ngắn","1","0","0","0","1","1","100","0","0","0","1","1","100","-1418620:短い:VI"
"adjectives-16","","1418620","短い","みじかい","en","short","4","20","0","0","20","1","5","10","0","0","10","1","10","-2647200:短:NO_VI | -2408740:小部:NO_VI | -2081210:手短:NO_VI | -1418620:短い:VI | -1699180:手短い:NO_VI | -2827968:ねんねこ:NO_VI | -1062300:ショート:NO_VI | -1472670:背が低い:NO_VI | -2152590:背の低い:NO_VI | -2067480:ちんちくりん:NO_VI"
"adjectives-17","","1335750","重い","おもい","vi","nặng","1","0","0","0","1","1","100","0","0","0","1","1","100","-1335750:重い:VI"
"adjectives-17","","1335750","重い","おもい","en","heavy","1","20","0","0","20","1","5","10","0","0","10","1","10","-1335750:重い:VI | -2641550:重質:NO_VI | -1118610:ヘビー:NO_VI | -1335780:重たい:NO_VI | -2076300:重たげ:NO_VI | -2764770:重ったい:NO_VI | -2046550:重厚長大:NO_VI | -1336150:重苦しい:NO_VI | -2082140:大:NO_VI | -2857431:分厚:NO_VI"
"adjectives-18","","1252560","軽い","かるい","vi","nhẹ","1","0","0","0","1","1","100","0","0","0","1","1","100","-1252560:軽い:VI"
"adjectives-18","","1252560","軽い","かるい","en","lightweight","3","17","0","0","18","1","5.56","10","0","0","10","1","10","-1969560:ライト級:NO_VI | -1137980:ライトウェイト:NO_VI | -1252560:軽い:VI | -1690510:薄物:NO_VI | -2832010:軽車:NO_VI | -1715440:簡単服:NO_VI | -1925430:軽カー:NO_VI | -2853207:軽量紙:NO_VI | -1933990:軽量級:NO_VI | -1067480:スカーフ:NO_VI"
"adjectives-18","","1252560","軽い","かるい","enAlias","light in weight","1","0","0","0","1","1","100","0","0","0","1","1","100","-1252560:軽い:VI"
"adjectives-19","","1236070","強い","つよい","vi","mạnh","1","0","0","0","1","1","100","0","0","0","1","1","100","-1236070:強い:VI"
"adjectives-19","","1236070","強い","つよい","en","strong","1","20","0","0","20","1","5","10","0","0","10","1","10","-1236070:強い:VI | -2863543:強強:NO_VI | -1236620:強烈:NO_VI | -2532670:徳操:NO_VI | -2219540:芬々:NO_VI | -1327465:手強い:NO_VI | -2217600:ストロング:NO_VI | -2842193:ハンサムウーマン:NO_VI | -1262660:厳重:NO_VI | -1257140:堅固:NO_VI"
"adjectives-20","","1324520","弱い","よわい","vi","yếu","1","0","0","0","1","1","100","0","0","0","1","1","100","-1324520:弱い:VI"
"adjectives-20","","1324520","弱い","よわい","en","weak","2","20","0","0","20","1","5","10","0","0","10","1","10","-1615440:ひ弱:NO_VI | -1324520:弱い:VI | -1335420:柔弱:NO_VI | -1490320:病弱:NO_VI | -1918240:脆弱:NO_VI | -1642630:軟調:NO_VI | -1003060:か弱い:NO_VI | -1010710:ひ弱い:NO_VI | -1555040:力弱い:NO_VI | -2860171:ウィーク:NO_VI"
"adjectives-21","","1605820","良い","よい","vi","tốt","1","0","0","0","3","3","100","0","0","0","3","3","100","-1605820:良い:VI | -1405890:卒業:VI | -1539040:優しい:VI"
"adjectives-21","","1605820","良い","よい","en","good","11","20","0","0","20","2","10","10","0","0","10","0","0","-1394250:善:NO_VI | -2414420:好:NO_VI | -1157080:為:NO_VI | -1957070:良:NO_VI | -2820690:いい:NO_VI | -1046070:グー:NO_VI | -1124460:ボン:NO_VI | -1189900:佳良:NO_VI | -1394560:善良:NO_VI | -1200110:快調:NO_VI"
"adjectives-22","","1151260","悪い","わるい","vi","xấu","1","0","0","0","2","2","100","0","0","0","2","2","100","-1151260:悪い:VI | -1421630:恥ずかしい:VI"
"adjectives-22","","1151260","悪い","わるい","en","bad","2","20","0","0","20","1","5","10","0","0","10","1","10","-1495290:不良:NO_VI | -1151260:悪い:VI | -1151290:悪し:NO_VI | -2750130:いけん:NO_VI | -2478630:バッド:NO_VI | -1495000:不味い:NO_VI | -2862515:悪しい:NO_VI | -2427240:悪しき:NO_VI | -2794710:感じ悪い:NO_VI | -2035850:良からぬ:NO_VI"
"adjectives-23","","1460850","難しい","むずかしい","vi","khó","1","1","1","100","4","4","100","1","1","100","4","4","100","-1460850:難しい:VI | -1260490:鍵:VI | -1229840:泣く:VI | -1101100:パイナップル:VI"
"adjectives-23","","1460850","難しい","むずかしい","en","difficult","5","20","0","0","20","1","5","10","0","0","10","1","10","-1582640:難い:NO_VI | -2061260:難し:NO_VI | -2807190:３Ｋ:NO_VI | -2120130:むずい:NO_VI | -1460850:難しい:VI | -2831057:難しげ:NO_VI | -1327460:手ごわい:NO_VI | -2239030:取りにくい:NO_VI | -2872901:ディフィカルト:NO_VI | -1365860:辛い:NO_VI"
"adjectives-24","","1157000","易しい","やさしい","vi","dễ","1","0","0","0","1","1","100","0","0","0","1","1","100","-1157000:易しい:VI"
"adjectives-24","","1157000","易しい","やさしい","en","easy","12","20","0","0","20","1","5","10","0","0","10","0","0","-1600560:呑気:NO_VI | -1153720:安易:NO_VI | -1545350:容易:NO_VI | -1507010:平易:NO_VI | -1327530:手軽:NO_VI | -2672320:易々:NO_VI | -1156990:易い:NO_VI | -1615670:軽易:NO_VI | -2256380:お安い:NO_VI | -1545360:容易い:NO_VI"
"adjectives-25","","1486650","美味しい","おいしい","vi","ngon","1","20","0","0","20","2","10","10","0","0","10","2","20","-1486650:美味しい:VI | -1309650:指:VI | -2854364:三献:NO_VI | -1582180:伝言:NO_VI | -2200830:八宗:NO_VI | -2767370:反魂:NO_VI | -2271600:四曼:NO_VI | -2838152:天宮:NO_VI | -2854068:密宗:NO_VI | -1954650:文言:NO_VI"
"adjectives-25","","1486650","美味しい","おいしい","en","delicious","10","20","0","0","20","1","5","10","0","0","10","1","10","-2843517:うめぇ:NO_VI | -2156970:まいゆ:NO_VI | -2638170:んまい:NO_VI | -2839317:ボーノ:NO_VI | -2019580:まいうー:NO_VI | -2842638:マーサン:NO_VI | -2716920:牛負けた:NO_VI | -1084340:デリシャス:NO_VI | -2871109:快美:NO_VI | -1486650:美味しい:VI"
